"Brand","Count*(kwh_year)","Median(kwh_year)","Median(inches)","Median(kwh_per_m2)","Median(star_rating)"
"AIWA",57,210,49,394,5.5
"AKAI",21,202,49,327,6
"ALTIUS",4,78,28,379,6
"AOA",5,80,24,513,5
"AVEL INNOVATIONS",3,91,24,581,4.5
"BAUHN",64,227,50,328,6
"BELGIQUE",7,131,32,475,5
"BLAUPUNKT",73,302,50,478,5
"BROOKLYN",1,125,32,456,5
"CAIXUN",43,138,38,354,6
"CHIQ",43,295,55,425,5
"COOCAA",15,230,55,301,6
"DGTEC",17,367,65,317,6
"DIGITECH",9,92,24,519,4.5
"DREAME",4,570,70,417.5,4.5
"DYNALINK",1,76,24,497,5.5
"EKO",101,330,55,464,5
"EMETE",55,650,75,425,4.5
"ENGLAON",24,140,30,529,4.5
"FFALCON",28,204.5,49,317,6
"FPD",22,211,40,604,4
"FURRION",3,107,24,686,4
"HISENSE",330,489,65,362,5.5
"HUBBL",3,240,55,292,6
"HYUNDAI",6,376,59.5,331,6
"ILUMA",14,115.5,28,572,4.25
"JVC",108,250,54,401,5
"KODAK",5,256,55,320,6
"KOGAN",808,382,55,445,5
"KONKA",8,237,45,433,5
"LG",722,422,65,395,5
"LINSAR",37,316,60,314,6
"LOEWE",26,266,52,363.5,5.5
"LPT",2,110,28,529,4.75
"LSP TV",1,60,19,600,5
"METZ",3,122,40,420,5.5
"MONSTER",9,220,49,317,6
"MYVI",4,90,24,560.5,4.75
"PALSONIC",1,439,65,382,5
"PHILIPS",116,384,55,418.5,5
"POLAROID",10,175.5,44.5,337,6
"PRISM+",8,437,65,390.5,5
"QBELL",9,284,50,444,5
"RCA",1,90,23,596,4.5
"S VISION",1,379,55,449,4.5
"SAMSUNG",1193,499,65,438,4.5
"SHARETV",1,106,21,841,3
"SHARP",5,312,49,421,5
"SHENZHEN XINCHAODA TECHNOLOGY CO., LTD",4,375,60,395,5
"SIGNIFY",1,378,55,459,4.5
"SKYWORTH",31,280,55,329,6
"SMARTTECH",5,210,50,336,6
"SONIQ",4,426,64.5,419.5,4.75
"SONY",102,524.5,65,459.5,4.5
"SPARK ELECTRONICS",25,582,65,571,3.5
"SPHERE",13,92,24,641,4.5
"STAN CASH",1,60,18,645,5
"SVISION",4,194.5,46.5,399.5,5.25
"SYLVOX",140,265,55,322.5,6
"TAVICE",1,477,65,415,4.5
"TCL",83,511,75,390,5
"TEAC",9,124,32,453,5
"TECO",12,177,37,423.5,5.25
"TELEFUNKEN",19,167,40,461,5
"TENET",2,54.5,19,580,5.25
"THOMSON",2,178,42.5,357.5,5.75
"TOSHIBA",66,379,65,338,5.5
"VDT",4,112.5,23,673,3.75
"VEON",4,304,55,369,5.5
"WALTON",24,135,40,317,6
"WINTAL",1,72,19,766,4
"XIAOMI",4,494,80,305,6
"YOKOHAMA",3,278,55,472,5.5
"ZEN TV",4,112,27.5,493,4.5
