"model","Country","screen_tech","watts_on","kwh_year","star_rating","tuner","watts_passive_standby","Act_stnd_power (#1)","Brand","inches","screen_m2","cost_aud_year","watts_per_m2","kwh_per_m2","size_band","stars"
"65UJ660H5LD","Indonesia,South Korea","LCD (LED)",50,185,9,"Analogue/Digital","0.4","0.0","LG",65,1.148,65,43.6,161,"56-65in",9
"65UJ760H5SD","Indonesia,South Korea","LCD (LED)",54,200,8,"Analogue/Digital","0.4","0.0","LG",65,1.148,70,47,174,"56-65in",8
"65UM662H0LC","Indonesia,South Korea","LCD (LED)",56,207,8,"Analogue/Digital","0.4","0.0","LG",65,1.148,72,48.8,180,"56-65in",8
"65UM662H4LC","Indonesia,South Korea","LCD (LED)",56,207,8,"Analogue/Digital","0.4","0.0","LG",65,1.148,72,48.8,180,"56-65in",8
"65UM767H0LD","Indonesia,South Korea","LCD (LED)",65,240,7,"Analogue/Digital","0.4","0.0","LG",65,1.148,84,56.6,209,"56-65in",7
"LT065A-04-FXTL","Poland","LCD (LED)",64.71,240,7,"Digital","","","HUBBL",65,1.148,84,56.4,209,"56-65in",7
"65UK660H0LA","Indonesia,South Korea","LCD (LED)",67,247,7,"Analogue/Digital","0.4","0.0","LG",65,1.148,86,58.4,215,"56-65in",7
"65UK767H0LB","Indonesia,South Korea","LCD (LED)",69,254,7,"Analogue/Digital","0.4","0.0","LG",65,1.148,89,60.1,221,"56-65in",7
"65UK767H5LB","Indonesia,South Korea","LCD (LED)",69,254,7,"Analogue/Digital","0.4","0.0","LG",65,1.148,89,60.1,221,"56-65in",7
"65Q6SAU","China","LCD (LED)",69.23,288,7,"Analogue/Digital","0.32","0.0","HISENSE",65,1.148,101,60.3,251,"56-65in",7
"65Q6SNZ","China","LCD (LED)",69.23,288,7,"Analogue/Digital","0.32","0.0","HISENSE",65,1.148,101,60.3,251,"56-65in",7
"65Q6S series","China","LCD (LED)",69.23,288,7,"Analogue/Digital","0.32","0.0","HISENSE",65,1.148,101,60.3,251,"56-65in",7
"LT-65NQ7165A","China","LCD (LED)",66.42,298,6,"Analogue/Digital","0.45","0.0","JVC",64,1.141,104,58.2,261,"56-65in",6
"FF65U65A","China","LCD (LED)",56.2,300,6,"Analogue/Digital","0.362","0.0","FFALCON",64,1.147,105,49,262,"56-65in",6
"65X66CH","China","LCD (LED)",79.1,310,6,"Analogue/Digital","","","COOCAA",65,1.148,108,68.9,270,"56-65in",6
"65X66H","China","LCD (LED)",79.1,310,6,"Analogue/Digital","","","SKYWORTH",65,1.148,108,68.9,270,"56-65in",6
"65X6600H","China","LCD (LED)",79.1,310,6,"Analogue/Digital","","","SKYWORTH",65,1.148,108,68.9,270,"56-65in",6
"65V75","China","LCD (LED)",79.1,310,6,"Analogue/Digital","","","SKYWORTH",65,1.148,108,68.9,270,"56-65in",6
"65X66CH","China","LCD (LED)",79.1,310,6,"Analogue/Digital","","","SKYWORTH",65,1.148,108,68.9,270,"56-65in",6
"65X series","China","LCD (LED)",79.1,310,6,"Analogue/Digital","","","SKYWORTH",65,1.148,108,68.9,270,"56-65in",6
"65X66CH-A","China","LCD (LED)",79.1,310,6,"Analogue/Digital","","","COOCAA",65,1.148,108,68.9,270,"56-65in",6
"Stella 65 DR+","Germany","OLED",85,313,6,"Analogue/Digital","0.4","0.7","LOEWE",65,1.149,110,74,272,"56-65in",6
"QA65Q60DAW","Vietnam","LCD (LED)",86,317,6,"Digital","0.5","0.0","SAMSUNG",65,1.148,111,74.9,276,"56-65in",6
"QA65Q60DAS","Vietnam","LCD (LED)",86,317,6,"Digital","0.5","0.0","SAMSUNG",65,1.148,111,74.9,276,"56-65in",6
"QA65Q65DAW","Vietnam","LCD (LED)",86,317,6,"Digital","0.5","0.0","SAMSUNG",65,1.148,111,74.9,276,"56-65in",6
"QA65Q65DAS","Vietnam","LCD (LED)",86,317,6,"Digital","0.5","0.0","SAMSUNG",65,1.148,111,74.9,276,"56-65in",6
"QA65Q6*DA*","Vietnam","LCD (LED)",86,317,6,"Digital","0.5","0.0","SAMSUNG",65,1.148,111,74.9,276,"56-65in",6
"65AN960H0SD","Egypt,Indonesia","OLED",87,320,6,"Analogue/Digital","0.4","0.0","LG",65,1.148,112,75.8,279,"56-65in",6
"65P7K","China","LCD (LED)",75,320,6,"Analogue/Digital","0.337","0.0","TCL",64,1.147,112,65.4,279,"56-65in",6
"FF65U65","China","LCD (LED)",77.1,320,6,"Analogue/Digital","0.344","0.0","FFALCON",64,1.147,112,67.2,279,"56-65in",6
"65G60K-IU","China","LCD (LED)",77.1,320,6,"Analogue/Digital","0.344","0.0","TCL",64,1.147,112,67.2,279,"56-65in",6
"65C350RP","China","LCD (LED)",81.08,321,6,"Analogue/Digital","0.32","0.0","TOSHIBA",65,1.148,112,70.6,280,"56-65in",6
"65C350SP","China","LCD (LED)",81.08,321,6,"Analogue/Digital","0.32","0.0","TOSHIBA",65,1.148,112,70.6,280,"56-65in",6
"65C350","China","LCD (LED)",81.08,321,6,"Analogue/Digital","0.32","0.0","TOSHIBA",65,1.148,112,70.6,280,"56-65in",6
"FF65U63","China","LCD (LED)",73.5,327,6,"Analogue/Digital","0.288","0.0","FFALCON",64,1.147,114,64.1,285,"56-65in",6
"65G6500H","China","LCD (LED)",83.6,330,6,"Analogue/Digital","","","COOCAA",65,1.148,115,72.8,287,"56-65in",6
"65C350LP","China","LCD (LED)",82.49,333,6,"Analogue/Digital","0.297","0.0","TOSHIBA",65,1.148,117,71.9,290,"56-65in",6
"65C350MP","China","LCD (LED)",82.49,333,6,"Analogue/Digital","0.297","0.0","TOSHIBA",65,1.148,117,71.9,290,"56-65in",6
"65HFL7025/97","China","LCD (LED)",76.6,337,6,"Analogue/Digital","","","PHILIPS",65,1.148,118,66.7,294,"56-65in",6
"65NU805BPSB","China,Vietnam","LCD",92,338,6,"Analogue/Digital","","","LG",65,1.148,118,80.1,294,"56-65in",6
"LS65QLDVTV","China","LCD",83.67,338,6,"Digital","0.31","0.0","LINSAR",65,1.148,118,72.9,294,"56-65in",6
"G65UV50A","China","LCD",92.076,340,6,"Analogue/Digital","0.38409","0.64009","SONIQ",65,1.148,119,80.2,296,"56-65in",6
"AWS650QWG","China","LCD (LED)",92.39,340,6,"Analogue/Digital","0.39","0.0","AIWA",65,1.148,119,80.5,296,"56-65in",6
"OT65A7K5GF","China","LCD",90.0792,340,6,"Analogue/Digital","0.48412","0.95696","SYLVOX",65,1.148,119,78.5,296,"56-65in",6
"OQ65A7K5GF","China","LCD",90.0792,340,6,"Analogue/Digital","0.48412","0.95696","SYLVOX",65,1.148,119,78.5,296,"56-65in",6
"OT65A2KEGE","China","LCD",90.0792,340,6,"Analogue/Digital","0.48412","0.95696","SYLVOX",65,1.148,119,78.5,296,"56-65in",6
"OQ65A2KEGE","China","LCD",90.0792,340,6,"Analogue/Digital","0.48412","0.95696","SYLVOX",65,1.148,119,78.5,296,"56-65in",6
"OQ65A2KOGF","China","LCD",90.0792,340,6,"Analogue/Digital","0.48412","0.95696","SYLVOX",65,1.148,119,78.5,296,"56-65in",6
"OT65A2KOGF","China","LCD",90.0792,340,6,"Analogue/Digital","0.48412","0.95696","SYLVOX",65,1.148,119,78.5,296,"56-65in",6
"OT65B2K5GF","China","LCD",90.0792,340,6,"Analogue/Digital","0.48412","0.95696","SYLVOX",65,1.148,119,78.5,296,"56-65in",6
"OT65A2K3GF","China","LCD",90.0792,340,6,"Analogue/Digital","0.48412","0.95696","SYLVOX",65,1.148,119,78.5,296,"56-65in",6
"OQ65A2K3GF","China","LCD",90.0792,340,6,"Analogue/Digital","0.48412","0.95696","SYLVOX",65,1.148,119,78.5,296,"56-65in",6
"O*65**K*G*","China","LCD",90.0792,340,6,"Analogue/Digital","0.48412","0.95696","SYLVOX",65,1.148,119,78.5,296,"56-65in",6
"OT65A7K5GD","China","LCD",90.1488,340,6,"Analogue/Digital","0.48624","1.63308","SYLVOX",65,1.148,119,78.5,296,"56-65in",6
"OQ65A7K5GD","China","LCD",90.1488,340,6,"Analogue/Digital","0.48624","1.63308","SYLVOX",65,1.148,119,78.5,296,"56-65in",6
"OQ65A2KEGC","China","LCD",90.1488,340,6,"Analogue/Digital","0.48624","1.63308","SYLVOX",65,1.148,119,78.5,296,"56-65in",6
"OT65A2KOGD","China","LCD",90.1488,340,6,"Analogue/Digital","0.48624","1.63308","SYLVOX",65,1.148,119,78.5,296,"56-65in",6
"OQ65A2KOGD","China","LCD",90.1488,340,6,"Analogue/Digital","0.48624","1.63308","SYLVOX",65,1.148,119,78.5,296,"56-65in",6
"OT65B3K5GD","China","LCD",90.1488,340,6,"Analogue/Digital","0.48624","1.63308","SYLVOX",65,1.148,119,78.5,296,"56-65in",6
"OQ65B3K5GD","China","LCD",90.1488,340,6,"Analogue/Digital","0.48624","1.63308","SYLVOX",65,1.148,119,78.5,296,"56-65in",6
"OT65BЗKЗGD","China","LCD",90.1488,340,6,"Analogue/Digital","0.48624","1.63308","SYLVOX",65,1.148,119,78.5,296,"56-65in",6
"OQ65BЗKЗGD","China","LCD",90.1488,340,6,"Analogue/Digital","0.48624","1.63308","SYLVOX",65,1.148,119,78.5,296,"56-65in",6
"OT65A2K3GD","China","LCD",90.1488,340,6,"Analogue/Digital","0.48624","1.63308","SYLVOX",65,1.148,119,78.5,296,"56-65in",6
"AK65UHDZEN","China","LCD (LED)",94.374,347,6,"Analogue/Digital","","","AKAI",65,1.148,121,82.2,302,"56-65in",6
"LS65UHDZEN25S","China","LCD (LED)",94.374,347,6,"Analogue/Digital","","","LINSAR",65,1.148,121,82.2,302,"56-65in",6
"FF65U64","China","LCD (LED)",77.6,350,6,"Analogue/Digital","0.354","0.0","FFALCON",64,1.147,122,67.7,305,"56-65in",6
"HG65U700FAW","Vietnam","LCD (LED)",95,350,6,"Digital","0.5","0.0","SAMSUNG",65,1.148,122,82.8,305,"56-65in",6
"OQ65A3K8HG","China","LCD",93.012,350,6,"Analogue/Digital","0.3831","0.52664","SYLVOX",65,1.148,122,81,305,"56-65in",6
"LS65UHDNF23","China","LCD (LED)",95.92,352,6,"Analogue/Digital","0.3","0.0","LINSAR",65,1.158,123,82.8,304,"56-65in",6
"MT65QLDZEN","China","LCD",95.8,352,6,"Analogue/Digital","0.42","0.0","MONSTER",65,1.148,123,83.4,307,"56-65in",6
"L65MC-SAU","China","LCD (LED)",78.8,355,6,"Analogue/Digital","","","XIAOMI",65,1.148,124,68.6,309,"56-65in",6
"AWS650WG","China","LCD (LED)",97.1,357,6,"Analogue/Digital","0.35","0.0","AIWA",65,1.148,125,84.6,311,"56-65in",6
"ATV65UHDW-1125","China","LCD",94.374,357,6,"Analogue/Digital","","","BAUHN",65,1.148,125,82.2,311,"56-65in",6
"KD65G11","China","LCD",94.65,358,6,"Analogue/Digital","0.354","0.0","KODAK",64,1.14,125,83,314,"56-65in",6
"65S7SAU","China","LCD (LED)",88.52,359,6,"Analogue/Digital","0.33","0.0","HISENSE",65,1.148,126,77.1,313,"56-65in",6
"65S7SNZ","China","LCD (LED)",88.52,359,6,"Analogue/Digital","0.33","0.0","HISENSE",65,1.148,126,77.1,313,"56-65in",6
"65S7S","China","LCD (LED)",88.52,359,6,"Analogue/Digital","0.33","0.0","HISENSE",65,1.148,126,77.1,313,"56-65in",6
"LS65UHDZEN","China","LCD",96.3,360,6,"Analogue/Digital","","","LINSAR",65,1.148,126,83.9,314,"56-65in",6
"Tizen TV","China","LCD (LED)",96.3,360,6,"Analogue/Digital","0.42","0.0","BAUHN",65,1.148,126,83.9,314,"56-65in",6
"ATV65UHDT-0123","China","LCD (LED)",96.3,360,6,"Analogue/Digital","0.42","0.0","BAUHN",65,1.148,126,83.9,314,"56-65in",6
"ATV65UHDT-0922","China","LCD (LED)",96.3,360,6,"Analogue/Digital","0.42","0.0","BAUHN",65,1.148,126,83.9,314,"56-65in",6
"65QNED80A6A","Indonesia,South Korea","LCD (LED)",98,360,6,"Analogue/Digital","0.4","0.0","LG",65,1.148,126,85.4,314,"56-65in",6
"65QNED81ASA","Indonesia,South Korea","LCD (LED)",98,360,6,"Analogue/Digital","0.4","0.0","LG",65,1.148,126,85.4,314,"56-65in",6
"65QNED82ASA","Indonesia,South Korea","LCD (LED)",98,360,6,"Analogue/Digital","0.4","0.0","LG",65,1.148,126,85.4,314,"56-65in",6
"Inspire 65 OLED","Germany","OLED",98,360,6,"Analogue/Digital","0.3","0.4","LOEWE",65,1.149,126,85.3,313,"56-65in",6
"We SEE 65 OLED","Germany","OLED",98,360,6,"Analogue/Digital","0.3","0.4","LOEWE",65,1.149,126,85.3,313,"56-65in",6
"LOEWE 65 OLED","Germany","OLED",98,360,6,"Analogue/Digital","0.3","0.4","LOEWE",65,1.149,126,85.3,313,"56-65in",6
"65P7LS","China","LCD (LED)",82.8,360,6,"Analogue/Digital","0.37","0.0","TCL",64,1.147,126,72.2,314,"56-65in",6
"65PQT7931/79","China","LCD (LED)",89.3,361,6,"Analogue/Digital","","","PHILIPS",65,1.148,126,77.8,314,"56-65in",6
"65MRGB86B6A","Indonesia,South Korea","LCD (LED)",99,364,6,"Analogue/Digital","0.4","0.0","LG",65,1.148,127,86.2,317,"56-65in",6
"65MRGB86BSA","Indonesia,South Korea","LCD (LED)",99,364,6,"Analogue/Digital","0.4","0.0","LG",65,1.148,127,86.2,317,"56-65in",6
"K-65A60","China","OLED",98.8,366,6,"Analogue/Digital","0.5","11.3","SONY",65,1.148,128,86.1,319,"56-65in",6
"65PUT7231/75","China","LCD (LED)",90.8,366,6,"Analogue/Digital","","","PHILIPS",65,1.148,128,79.1,319,"56-65in",6
"PL6521OS","China","LCD (LED)",95.274,367,6,"Analogue/Digital","0.3594","0.361848","POLAROID",65,1.148,128,83,320,"56-65in",6
"AK6521S6WOS","China","LCD (LED)",95.274,367,6,"Analogue/Digital","0.3594","0.361848","AKAI",65,1.148,128,83,320,"56-65in",6
"LS65UHDNF","China","LCD (LED)",95.274,367,6,"Analogue/Digital","0.3594","0.361848","LINSAR",65,1.148,128,83,320,"56-65in",6
"DG65UHDOS","China","LCD (LED)",95.274,367,6,"Analogue/Digital","0.3594","0.361848","DGTEC",65,1.148,128,83,320,"56-65in",6
"KD65WOS2","China","LCD (LED)",95.274,367,6,"Analogue/Digital","0.3594","0.361848","KODAK",65,1.148,128,83,320,"56-65in",6
"65QNED86BSA","Indonesia,South Korea","LCD (LED)",100,368,6,"Analogue/Digital","0.4","0.0","LG",65,1.148,129,87.1,321,"56-65in",6
"65QNED87B6A","Indonesia,South Korea","LCD (LED)",100,368,6,"Analogue/Digital","0.4","0.0","LG",65,1.148,129,87.1,321,"56-65in",6
"65NU850B6LA","Indonesia,South Korea","LCD (LED)",100,368,6,"Analogue/Digital","0.4","0.0","LG",65,1.148,129,87.1,321,"56-65in",6
"65NU855BPSA","Indonesia,South Korea","LCD (LED)",100,368,6,"Analogue/Digital","0.4","0.0","LG",65,1.148,129,87.1,321,"56-65in",6
"65QNED70B6C","Indonesia,South Korea","LCD (LED)",100,368,6,"Analogue/Digital","0.4","0.0","LG",65,1.148,129,87.1,321,"56-65in",6
"65QNED70BSA","Indonesia,South Korea","LCD (LED)",100,368,6,"Analogue/Digital","0.4","0.0","LG",65,1.148,129,87.1,321,"56-65in",6
"65LX7BPSA","China","LCD (LED)",86.6,368,6,"Analogue/Digital","0.33","0.34","LG",65,1.148,129,75.4,321,"56-65in",6
"65LX7B6LA","China","LCD (LED)",86.6,368,6,"Analogue/Digital","0.33","0.34","LG",65,1.148,129,75.4,321,"56-65in",6
"65LX7BPUA","China","LCD (LED)",86.6,368,6,"Analogue/Digital","0.33","0.34","LG",65,1.148,129,75.4,321,"56-65in",6
"65LX7BKNA","China","LCD (LED)",86.6,368,6,"Analogue/Digital","0.33","0.34","LG",65,1.148,129,75.4,321,"56-65in",6
"65LX7B###","China","LCD (LED)",86.6,368,6,"Analogue/Digital","0.33","0.34","LG",65,1.148,129,75.4,321,"56-65in",6
"65NU85CB6LA","Indonesia,South Korea","LCD (LED)",100,368,6,"Analogue/Digital","0.4","0.0","LG",65,1.148,129,87.1,321,"56-65in",6
"65NU85CBPSA","Indonesia,South Korea","LCD (LED)",100,368,6,"Analogue/Digital","0.4","0.0","LG",65,1.148,129,87.1,321,"56-65in",6
"65NU830B6LA","Indonesia,South Korea","LCD (LED)",100,368,6,"Analogue/Digital","0.4","0.0","LG",65,1.148,129,87.1,321,"56-65in",6
"LEQ65W722","China","LCD (LED)",100.64,369,6,"Analogue/Digital","","","SHENZHEN XINCHAODA TECHNOLOGY CO., LTD",65,1.148,129,87.7,321,"56-65in",6
"65X8HAU","China","OLED",92.33,369,6,"Analogue/Digital","0.309","0.0","HISENSE",65,1.148,129,80.4,321,"56-65in",6
"65C350NP","China","LCD (LED)",89.74,369,6,"Analogue/Digital","0.37","0.0","TOSHIBA",64,1.147,129,78.2,322,"56-65in",6
"65Q6NAU","China","LCD (LED)",90.42,369,6,"Analogue/Digital","0.3","0.0","HISENSE",65,1.148,129,78.8,321,"56-65in",6
"65Q6NNZ","China","LCD (LED)",90.42,369,6,"Analogue/Digital","0.3","0.0","HISENSE",65,1.148,129,78.8,321,"56-65in",6
"65Q6N series","China","LCD (LED)",90.42,369,6,"Analogue/Digital","0.3","0.0","HISENSE",65,1.148,129,78.8,321,"56-65in",6
"65Z670SP","China","LCD (LED)",95.12,369,6,"Analogue/Digital","0.32","0.0","TOSHIBA",65,1.148,129,82.9,321,"56-65in",6
"PL6521UHDG","China","LCD",93,370,6,"Analogue/Digital","0.39","0.45","POLAROID",64,1.142,130,81.4,324,"56-65in",6
"LT-65N7115AM","China","LCD (LED)",93,370,6,"Analogue/Digital","0.39","0.45","JVC",64,1.142,130,81.4,324,"56-65in",6
"AK6522S7TZN","China","LCD",96.3,370,6,"Analogue/Digital","0.42","0.0","AKAI",65,1.148,130,83.9,322,"56-65in",6
"KALED65R95TA","China","LCD (LED)",94.2,371,6,"Analogue/Digital","0.45","0.45","KOGAN",64,1.147,130,82.1,323,"56-65in",6
"KALED65R95TB","China","LCD (LED)",94.2,371,6,"Analogue/Digital","0.45","0.45","KOGAN",64,1.147,130,82.1,323,"56-65in",6
"KALED65R95TC","China","LCD (LED)",94.2,371,6,"Analogue/Digital","0.45","0.45","KOGAN",64,1.147,130,82.1,323,"56-65in",6
"KALED65R95TD","China","LCD (LED)",94.2,371,6,"Analogue/Digital","0.45","0.45","KOGAN",64,1.147,130,82.1,323,"56-65in",6
"KALED65R95TE","China","LCD (LED)",94.2,371,6,"Analogue/Digital","0.45","0.45","KOGAN",64,1.147,130,82.1,323,"56-65in",6
"KALED65R95T*","China","LCD (LED)",94.2,371,6,"Analogue/Digital","0.45","0.45","KOGAN",64,1.147,130,82.1,323,"56-65in",6
"KALED65U95TA","China","LCD (LED)",94.14,371,6,"Analogue/Digital","0.3","0.0","KOGAN",65,1.148,130,82,323,"56-65in",6
"KALED65U95TB","China","LCD (LED)",94.14,371,6,"Analogue/Digital","0.3","0.0","KOGAN",65,1.148,130,82,323,"56-65in",6
"KALED65U95TC","China","LCD (LED)",94.14,371,6,"Analogue/Digital","0.3","0.0","KOGAN",65,1.148,130,82,323,"56-65in",6
"KALED65U95TD","China","LCD (LED)",94.14,371,6,"Analogue/Digital","0.3","0.0","KOGAN",65,1.148,130,82,323,"56-65in",6
"KALED65U95TE","China","LCD (LED)",94.14,371,6,"Analogue/Digital","0.3","0.0","KOGAN",65,1.148,130,82,323,"56-65in",6
"KALED65U95T*","China","LCD (LED)",94.14,371,6,"Analogue/Digital","0.3","0.0","KOGAN",65,1.148,130,82,323,"56-65in",6
"AWS650G2","China","LCD (LED)",92.9,371,6,"Analogue/Digital","0.41","0.0","AIWA",65,1.148,130,80.9,323,"56-65in",6
"U65M10F","China","LCD (LED)",94.1,371,6,"unknown","0.3","0.3","CHIQ",65,1.148,130,82,323,"56-65in",6
"KALED65R94KA","China","LCD (LED)",86.9,372,6,"unknown","0.391","0.0","KOGAN",65,1.147,130,75.8,324,"56-65in",6
"KALED65R94KB","China","LCD (LED)",86.9,372,6,"unknown","0.391","0.0","KOGAN",65,1.147,130,75.8,324,"56-65in",6
"KALED65R94KC","China","LCD (LED)",86.9,372,6,"unknown","0.391","0.0","KOGAN",65,1.147,130,75.8,324,"56-65in",6
"KALED65R94KD","China","LCD (LED)",86.9,372,6,"unknown","0.391","0.0","KOGAN",65,1.147,130,75.8,324,"56-65in",6
"KALED65R94K*","China","LCD (LED)",86.9,372,6,"unknown","0.391","0.0","KOGAN",65,1.147,130,75.8,324,"56-65in",6
"UA65M80HAW","Vietnam","LCD (LED)",101,372,6,"Digital","0.5","0.0","SAMSUNG",65,1.148,130,88,324,"56-65in",6
"UA65M80HAS","Vietnam","LCD (LED)",101,372,6,"Digital","0.5","0.0","SAMSUNG",65,1.148,130,88,324,"56-65in",6
"UA65M80HA*","Vietnam","LCD (LED)",101,372,6,"Digital","0.5","0.0","SAMSUNG",65,1.148,130,88,324,"56-65in",6
"H65UHDQLDZEN","China","LCD (LED)",101.54,373,6,"Analogue/Digital","","","HYUNDAI",65,1.172,131,86.6,318,"56-65in",6
"OLED65A3PSA","Indonesia,South Korea","OLED",103,378,5.5,"Analogue/Digital","0.4","0.0","LG",65,1.148,132,89.7,329,"56-65in",6
"OLED65A36LA","Indonesia,South Korea","OLED",103,378,5.5,"Analogue/Digital","0.4","0.0","LG",65,1.148,132,89.7,329,"56-65in",6
"QA65QE1DAS","Vietnam","LCD (LED)",103,379,5.5,"Digital","0.5","0.0","SAMSUNG",65,1.148,133,89.7,330,"56-65in",6
"QA65QE1DA*","Vietnam","LCD (LED)",103,379,5.5,"Digital","0.5","0.0","SAMSUNG",65,1.148,133,89.7,330,"56-65in",6
"QA65QE1DAW","Vietnam","LCD (LED)",103,379,5.5,"Digital","0.5","0.0","SAMSUNG",65,1.148,133,89.7,330,"56-65in",6
"HG65U800FAW","Vietnam","LCD (LED)",103,379,5.5,"Digital","0.5","0.0","SAMSUNG",65,1.148,133,89.7,330,"56-65in",6
"65C6L","China","LCD (LED)",81.1,380,5.5,"Analogue/Digital","0.322","0.0","TCL",64,1.147,133,70.7,331,"56-65in",6
"65HFL6214U/12","China","LCD (LED)",94.36,381,5.5,"Analogue/Digital","0.28","0.61","PHILIPS",65,1.148,133,82.2,332,"56-65in",6
"K-65XR80M2","Malaysia","OLED",102.9,381,5.5,"Analogue/Digital","0.5","13.1","SONY",65,1.148,133,89.6,332,"56-65in",6
"65HFL5214U/97","China","LCD (LED)",94.45,382,5.5,"Analogue/Digital","0.41","0.0","PHILIPS",65,1.148,134,82.3,333,"56-65in",6
"65BFL2214/97","China","LCD (LED)",94.45,382,5.5,"Analogue/Digital","0.41","0.0","PHILIPS",65,1.148,134,82.3,333,"56-65in",6
"AWB657DH","China","LCD",92.61,385,5.5,"Analogue/Digital","0.5","0.0","AIWA",65,1.148,135,80.7,335,"56-65in",6
"LT-65N7175A","China","LCD",92.61,385,5.5,"Analogue/Digital","0.5","0.0","JVC",65,1.148,135,80.7,335,"56-65in",6
"KALED65RT9220SVA","China","LCD (LED)",99.95,386,5.5,"Analogue/Digital","0.35","0.49","KOGAN",65,1.148,135,87.1,336,"56-65in",6
"LE65GA522","China","LCD (LED)",99.95,386,5.5,"Analogue/Digital","0.35","0.49","TEAC",65,1.148,135,87.1,336,"56-65in",6
"KAQLED65RQ9510SVA","China","LCD (LED)",99.95,386,5.5,"Analogue/Digital","0.35","0.49","KOGAN",65,1.148,135,87.1,336,"56-65in",6
"SMT-U65T1","China","LCD (LED)",99.95,386,5.5,"Analogue/Digital","0.35","0.49","SMARTTECH",65,1.148,135,87.1,336,"56-65in",6
"65QNED86A6A","Indonesia,South Korea","LCD (LED)",105,386,5.5,"Analogue/Digital","0.4","0.0","LG",65,1.148,135,91.5,336,"56-65in",6
"65QNED86ASA","Indonesia,South Korea","LCD (LED)",105,386,5.5,"Analogue/Digital","0.4","0.0","LG",65,1.148,135,91.5,336,"56-65in",6
"OLED65B5PSA","Indonesia,South Korea","OLED",106,389,5.5,"Analogue/Digital","0.4","0.0","LG",65,1.148,136,92.3,339,"56-65in",6
"OLED65B56LA","Indonesia,South Korea","OLED",106,389,5.5,"Analogue/Digital","0.4","0.0","LG",65,1.148,136,92.3,339,"56-65in",6
"65UK762H0LB","Indonesia,South Korea","LCD (LED)",106,389,5.5,"Analogue/Digital","0.4","0.0","LG",65,1.148,136,92.3,339,"56-65in",6
"OLED65B6PSA","Indonesia,South Korea","OLED",106,389,5.5,"Analogue/Digital","0.4","0.0","LG",65,1.148,136,92.3,339,"56-65in",6
"OLED65B66LA","Indonesia,South Korea","OLED",106,389,5.5,"Analogue/Digital","0.4","0.0","LG",65,1.148,136,92.3,339,"56-65in",6
"65UK762H5LB","Indonesia,South Korea","LCD (LED)",106,389,5.5,"Analogue/Digital","0.4","0.0","LG",65,1.148,136,92.3,339,"56-65in",6
"OT65A6KOEC","China","LCD",104.68002,390,5.5,"Analogue/Digital","0.41728","0.541","SYLVOX",65,1.148,136,91.2,340,"56-65in",6
"OT65KOC","China","LCD",104.68002,390,5.5,"Analogue/Digital","0.41728","0.541","SYLVOX",65,1.148,136,91.2,340,"56-65in",6
"OT65A6KOEC, OT65KOC","China","LCD",104.68002,390,5.5,"Analogue/Digital","0.41728","0.541","SYLVOX",65,1.148,136,91.2,340,"56-65in",6
"AWB657QW","China","LCD (LED)",106.434,391,5.5,"Digital","","","AIWA",65,1.148,137,92.7,341,"56-65in",6
"OLED65A2PSA","Indonesia","OLED",107,393,5.5,"Analogue/Digital","0.4","0.0","LG",65,1.148,138,93.2,342,"56-65in",6
"OLED65A26LA","Indonesia","OLED",107,393,5.5,"Analogue/Digital","0.4","0.0","LG",65,1.148,138,93.2,342,"56-65in",6
"QA65Q60CAW","Vietnam","LCD (LED)",107,394,5.5,"Digital","0.5","0.0","SAMSUNG",65,1.148,138,93.2,343,"56-65in",6
"QA65Q60CAS","Vietnam","LCD (LED)",107,394,5.5,"Digital","0.5","0.0","SAMSUNG",65,1.148,138,93.2,343,"56-65in",6
"QA65Q63CAS","Vietnam","LCD (LED)",107,394,5.5,"Digital","0.5","0.0","SAMSUNG",65,1.148,138,93.2,343,"56-65in",6
"QA65Q6*CA*","Vietnam","LCD (LED)",107,394,5.5,"Digital","0.5","0.0","SAMSUNG",65,1.148,138,93.2,343,"56-65in",6
"K65USW","China","LCD",108.2,396,5.5,"Digital","0.18","0.0","EKO",65,1.148,139,94.3,345,"56-65in",6
"65Q6QAU","China","LCD (LED)",98.86,399,5.5,"Analogue/Digital","0.38","0.0","HISENSE",65,1.148,140,86.1,348,"56-65in",6
"65Q6QNZ","China","LCD (LED)",98.86,399,5.5,"Analogue/Digital","0.38","0.0","HISENSE",65,1.148,140,86.1,348,"56-65in",6
"65Q6Q series","China","LCD (LED)",98.86,399,5.5,"Analogue/Digital","0.38","0.0","HISENSE",65,1.148,140,86.1,348,"56-65in",6
"OLED65G2PSA","Indonesia","OLED",109,400,5.5,"Analogue/Digital","0.4","0.0","LG",65,1.148,140,94.9,348,"56-65in",6
"OLED65G26LA","Indonesia","OLED",109,400,5.5,"Analogue/Digital","0.4","0.0","LG",65,1.148,140,94.9,348,"56-65in",6
"Q65 PRO QE","China","LCD (LED)",93.43,400,5.5,"Analogue/Digital","0.41","0.54","PRISM+",65,1.148,140,81.4,348,"56-65in",6
"BP650USG9700","China","LCD (LED)",109,400,5.5,"Analogue/Digital","","","BLAUPUNKT",65,1.148,140,94.9,348,"56-65in",6
"65QNED756RA","Indonesia,South Korea","LCD (LED)",109,400,5.5,"Analogue/Digital","0.4","0.0","LG",65,1.148,140,94.9,348,"56-65in",6
"65QNED80T6A","Indonesia,South Korea","LCD (LED)",109,400,5.5,"Analogue/Digital","0.4","0.0","LG",65,1.148,140,94.9,348,"56-65in",6
"65QNED81TSA","Indonesia,South Korea","LCD (LED)",109,400,5.5,"Analogue/Digital","0.4","0.0","LG",65,1.148,140,94.9,348,"56-65in",6
"OLED65B4PSA","Indonesia,South Korea","OLED",109,400,5.5,"Analogue/Digital","0.4","0.0","LG",65,1.148,140,94.9,348,"56-65in",6
"OLED65B46LA","Indonesia,South Korea","OLED",109,400,5.5,"Analogue/Digital","0.4","0.0","LG",65,1.148,140,94.9,348,"56-65in",6
"KAQL65R96KA","China","LCD (LED)",92.9,400,5.5,"Analogue/Digital","","","KOGAN",65,1.148,140,80.9,348,"56-65in",6
"OQ65A3KOHJ","China","LCD",101.358,400,5.5,"Analogue/Digital","0.36552","1.5118","SYLVOX",65,1.148,140,88.3,348,"56-65in",6
"OLED65C6PSA","Indonesia,South Korea","OLED",109,400,5.5,"Analogue/Digital","0.4","0.0","LG",65,1.148,140,94.9,348,"56-65in",6
"OLED65C66LA","Indonesia,South Korea","OLED",109,400,5.5,"Analogue/Digital","0.4","0.0","LG",65,1.148,140,94.9,348,"56-65in",6
"LEQ65A722","China","LCD (LED)",109.48,402,5.5,"Analogue/Digital","","","SHENZHEN XINCHAODA TECHNOLOGY CO., LTD",65,1.148,141,95.4,350,"56-65in",6
"KALED65XU9220STB","China","LCD (LED)",110,404,5.5,"Analogue/Digital","0.45","0.0","KOGAN",64,1.147,141,95.9,352,"56-65in",6
"KALED65XU9220STC","China","LCD (LED)",110,404,5.5,"Analogue/Digital","0.45","0.0","KOGAN",64,1.147,141,95.9,352,"56-65in",6
"KALED65XU9220STD","China","LCD (LED)",110,404,5.5,"Analogue/Digital","0.45","0.0","KOGAN",64,1.147,141,95.9,352,"56-65in",6
"KALED65XU9220STE","China","LCD (LED)",110,404,5.5,"Analogue/Digital","0.45","0.0","KOGAN",64,1.147,141,95.9,352,"56-65in",6
"KALED65XU9220STF","China","LCD (LED)",110,404,5.5,"Analogue/Digital","0.45","0.0","KOGAN",64,1.147,141,95.9,352,"56-65in",6
"KALED65U92TA","China","LCD (LED)",101.3,404,5.5,"Analogue/Digital","0.39","0.0","KOGAN",64,1.147,141,88.3,352,"56-65in",6
"KALED65U92TB","China","LCD (LED)",101.3,404,5.5,"Analogue/Digital","0.39","0.0","KOGAN",64,1.147,141,88.3,352,"56-65in",6
"KALED65U92TC","China","LCD (LED)",101.3,404,5.5,"Analogue/Digital","0.39","0.0","KOGAN",64,1.147,141,88.3,352,"56-65in",6
"KALED65U92TD","China","LCD (LED)",101.3,404,5.5,"Analogue/Digital","0.39","0.0","KOGAN",64,1.147,141,88.3,352,"56-65in",6
"KALED65U92TE","China","LCD (LED)",101.3,404,5.5,"Analogue/Digital","0.39","0.0","KOGAN",64,1.147,141,88.3,352,"56-65in",6
"KALED65U94TA","China","LCD (LED)",102.9,404,5.5,"Analogue/Digital","0.375","0.0","KOGAN",64,1.147,141,89.7,352,"56-65in",6
"KALED65U94TB","China","LCD (LED)",102.9,404,5.5,"Analogue/Digital","0.375","0.0","KOGAN",64,1.147,141,89.7,352,"56-65in",6
"KALED65U94TC","China","LCD (LED)",102.9,404,5.5,"Analogue/Digital","0.375","0.0","KOGAN",64,1.147,141,89.7,352,"56-65in",6
"KALED65U94TD","China","LCD (LED)",102.9,404,5.5,"Analogue/Digital","0.375","0.0","KOGAN",64,1.147,141,89.7,352,"56-65in",6
"KALED65U94TE","China","LCD (LED)",102.9,404,5.5,"Analogue/Digital","0.375","0.0","KOGAN",64,1.147,141,89.7,352,"56-65in",6
"U65G7PG","China","LCD (LED)",94,404,5.5,"unknown","0.4","0.0","CHIQ",64,1.147,141,82,352,"56-65in",6
"LED65AUSRC","China","LCD (LED)",94,404,5.5,"Analogue/Digital","0.4","0.0","TECO",64,1.147,141,82,352,"56-65in",6
"AWS650G","China","LCD",90.1,404,5.5,"unknown","0.4","0.0","AIWA",64,1.147,141,78.6,352,"56-65in",6
"65QNED82BSA","Indonesia,South Korea","LCD (LED)",110,404,5.5,"Analogue/Digital","0.4","0.0","LG",65,1.148,141,95.8,352,"56-65in",6
"QA65Q6FAAW","Vietnam","LCD (LED)",110,405,5.5,"Digital","0.5","0.0","SAMSUNG",65,1.148,142,95.8,353,"56-65in",6
"QA65Q6FAAS","Vietnam","LCD (LED)",110,405,5.5,"Digital","0.5","0.0","SAMSUNG",65,1.148,142,95.8,353,"56-65in",6
"QA65Q6FAA*","Vietnam","LCD (LED)",110,405,5.5,"Digital","0.5","0.0","SAMSUNG",65,1.148,142,95.8,353,"56-65in",6
"K65USW3","China","LCD",111.438,407,5.5,"Analogue/Digital","","","EKO",65,1.148,142,97.1,355,"56-65in",6
"K-65S20M2","Vietnam","LCD (LED)",109.8,407,5.5,"Analogue/Digital","0.5","12.4","SONY",65,1.148,142,95.6,355,"56-65in",6
"UA65M70HAW","Vietnam","LCD (LED)",111,408,5.5,"Digital","0.5","0.0","SAMSUNG",65,1.148,143,96.7,355,"56-65in",6
"UA65M70HAS","Vietnam","LCD (LED)",111,408,5.5,"Digital","0.5","0.0","SAMSUNG",65,1.148,143,96.7,355,"56-65in",6
"UA65M70HA*","Vietnam","LCD (LED)",111,408,5.5,"Digital","0.5","0.0","SAMSUNG",65,1.148,143,96.7,355,"56-65in",6
"UA65M1EHAW","Vietnam","LCD (LED)",111,408,5.5,"Digital","0.5","0.0","SAMSUNG",65,1.148,143,96.7,355,"56-65in",6
"UA65M1EHAS","Vietnam","LCD (LED)",111,408,5.5,"Digital","0.5","0.0","SAMSUNG",65,1.148,143,96.7,355,"56-65in",6
"UA65M1EHA*","Vietnam","LCD (LED)",111,408,5.5,"Digital","0.5","0.0","SAMSUNG",65,1.148,143,96.7,355,"56-65in",6
"65PUT7428/79","China","LCD (LED)",101.3,409,5.5,"Analogue/Digital","0.39","0.43","PHILIPS",65,1.148,143,88.2,356,"56-65in",6
"OLED65C2PSC","Indonesia","OLED",112,411,5.5,"Analogue/Digital","0.4","0.0","LG",65,1.148,144,97.6,358,"56-65in",6
"OLED65C24LA","Indonesia","OLED",112,411,5.5,"Analogue/Digital","0.4","0.0","LG",65,1.148,144,97.6,358,"56-65in",6
"OLED65C3PSA","Indonesia,South Korea","OLED",112,411,5.5,"Analogue/Digital","0.4","0.0","LG",65,1.148,144,97.6,358,"56-65in",6
"OLED65C36LA","Indonesia,South Korea","OLED",112,411,5.5,"Analogue/Digital","0.4","0.0","LG",65,1.148,144,97.6,358,"56-65in",6
"OLED65G6PSB","Indonesia,South Korea","OLED",112,411,5.5,"Analogue/Digital","0.4","0.0","LG",65,1.148,144,97.6,358,"56-65in",6
"OLED65G66LW","Indonesia,South Korea","OLED",112,411,5.5,"Analogue/Digital","0.4","0.0","LG",65,1.148,144,97.6,358,"56-65in",6
"QA65QE1CAW","Vietnam","LCD (LED)",112,412,5.5,"Digital","0.5","0.0","SAMSUNG",65,1.148,144,97.6,359,"56-65in",6
"QA65QE1CAS","Vietnam","LCD (LED)",112,412,5.5,"Digital","0.5","0.0","SAMSUNG",65,1.148,144,97.6,359,"56-65in",6
"QA65QE1CA*","Vietnam","LCD (LED)",112,412,5.5,"Digital","0.5","0.0","SAMSUNG",65,1.148,144,97.6,359,"56-65in",6
"UA65U8000HW","Vietnam","LCD (LED)",112,412,5.5,"Digital","0.5","0.0","SAMSUNG",65,1.148,144,97.6,359,"56-65in",6
"UA65U8000HS","Vietnam","LCD (LED)",112,412,5.5,"Digital","0.5","0.0","SAMSUNG",65,1.148,144,97.6,359,"56-65in",6
"UA65U8500HW","Vietnam","LCD (LED)",112,412,5.5,"Digital","0.5","0.0","SAMSUNG",65,1.148,144,97.6,359,"56-65in",6
"UA65U8500HS","Vietnam","LCD (LED)",112,412,5.5,"Digital","0.5","0.0","SAMSUNG",65,1.148,144,97.6,359,"56-65in",6
"UA65U8*00H*","Vietnam","LCD (LED)",112,412,5.5,"Digital","0.5","0.0","SAMSUNG",65,1.148,144,97.6,359,"56-65in",6
"BE65HX-H","Vietnam","LCD (LED)",112,412,5.5,"Digital","0.5","0.0","SAMSUNG",65,1.148,144,97.6,359,"56-65in",6
"LT-65N7115A11E","China","LCD (LED)",104.2,415,5.5,"Analogue/Digital","","","JVC",64,1.147,145,90.8,362,"56-65in",6
"EME-6501TE","China","LCD (LED)",110.08,415,5.5,"Analogue/Digital","","","EMETE",65,1.148,145,95.9,361,"56-65in",6
"EME-6502TE","China","LCD (LED)",110.08,415,5.5,"Analogue/Digital","","","EMETE",65,1.148,145,95.9,361,"56-65in",6
"EME-6503TE","China","LCD (LED)",110.08,415,5.5,"Analogue/Digital","","","EMETE",65,1.148,145,95.9,361,"56-65in",6
"EME-6504TE","China","LCD (LED)",110.08,415,5.5,"Analogue/Digital","","","EMETE",65,1.148,145,95.9,361,"56-65in",6
"EME-6505TE","China","LCD (LED)",110.08,415,5.5,"Analogue/Digital","","","EMETE",65,1.148,145,95.9,361,"56-65in",6
"EME-6506TE","China","LCD (LED)",110.08,415,5.5,"Analogue/Digital","","","EMETE",65,1.148,145,95.9,361,"56-65in",6
"EME-6507TE","China","LCD (LED)",110.08,415,5.5,"Analogue/Digital","","","EMETE",65,1.148,145,95.9,361,"56-65in",6
"EME-6508TE","China","LCD (LED)",110.08,415,5.5,"Analogue/Digital","","","EMETE",65,1.148,145,95.9,361,"56-65in",6
"EME-6509TE","China","LCD (LED)",110.08,415,5.5,"Analogue/Digital","","","EMETE",65,1.148,145,95.9,361,"56-65in",6
"EME-6510TE","China","LCD (LED)",110.08,415,5.5,"Analogue/Digital","","","EMETE",65,1.148,145,95.9,361,"56-65in",6
"EME-65XXTE","China","LCD (LED)",110.08,415,5.5,"Analogue/Digital","","","EMETE",65,1.148,145,95.9,361,"56-65in",6
"UA65AU7002S","China","LCD (LED)",113,416,5.5,"Digital","0.5","0.0","SAMSUNG",65,1.148,146,98.4,362,"56-65in",6
"65U6NAU","China","LCD (LED)",99.95,416,5.5,"Analogue/Digital","0.29","0.0","HISENSE",65,1.148,146,87.1,362,"56-65in",6
"65U6NNZ","China","LCD (LED)",99.95,416,5.5,"Analogue/Digital","0.29","0.0","HISENSE",65,1.148,146,87.1,362,"56-65in",6
"65U6N series","China","LCD (LED)",99.95,416,5.5,"Analogue/Digital","0.29","0.0","HISENSE",65,1.148,146,87.1,362,"56-65in",6
"65S7NAU","China","LCD (LED)",105.58,416,5.5,"Analogue/Digital","0.36","0.0","HISENSE",65,1.148,146,92,362,"56-65in",6
"65Z670RP","China","LCD (LED)",105.39,416,5.5,"Analogue/Digital","0.32","0.0","TOSHIBA",65,1.148,146,91.8,362,"56-65in",6
"UA65UE100FS","Vietnam","LCD (LED)",113,416,5.5,"Digital","0.5","0.0","SAMSUNG",65,1.148,146,98.4,362,"56-65in",6
"UA65U**00F*","Vietnam","LCD (LED)",113,416,5.5,"Digital","0.5","0.0","SAMSUNG",65,1.148,146,98.4,362,"56-65in",6
"UA65U8000FW","Vietnam","LCD (LED)",113,416,5.5,"Digital","0.5","0.0","SAMSUNG",65,1.148,146,98.4,362,"56-65in",6
"UA65U8000FS","Vietnam","LCD (LED)",113,416,5.5,"Digital","0.5","0.0","SAMSUNG",65,1.148,146,98.4,362,"56-65in",6
"UA65U8500FW","Vietnam","LCD (LED)",113,416,5.5,"Digital","0.5","0.0","SAMSUNG",65,1.148,146,98.4,362,"56-65in",6
"UA65U8500FS","Vietnam","LCD (LED)",113,416,5.5,"Digital","0.5","0.0","SAMSUNG",65,1.148,146,98.4,362,"56-65in",6
"65Q7QAU","China","LCD (LED)",104.99,416,5.5,"Analogue/Digital","0.33","0.0","HISENSE",65,1.148,146,91.5,362,"56-65in",6
"65Q7QNZ","China","LCD (LED)",104.99,416,5.5,"Analogue/Digital","0.33","0.0","HISENSE",65,1.148,146,91.5,362,"56-65in",6
"65Q7Q series","China","LCD (LED)",104.99,416,5.5,"Analogue/Digital","0.33","0.0","HISENSE",65,1.148,146,91.5,362,"56-65in",6
"BE65FX-H","Vietnam","LCD (LED)",113,416,5.5,"Digital","0.5","0.0","SAMSUNG",65,1.148,146,98.4,362,"56-65in",6
"65U6SAU","China","LCD (LED)",110,416,5.5,"Analogue/Digital","0.37","0.0","HISENSE",65,1.148,146,95.8,362,"56-65in",6
"65U6SNZ","China","LCD (LED)",110,416,5.5,"Analogue/Digital","0.37","0.0","HISENSE",65,1.148,146,95.8,362,"56-65in",6
"65U6S series","China","LCD (LED)",110,416,5.5,"Analogue/Digital","0.37","0.0","HISENSE",65,1.148,146,95.8,362,"56-65in",6
"65UR8SAU","China","LCD (LED)",110.35,416,5.5,"Analogue/Digital","0.36","0.0","HISENSE",65,1.148,146,96.1,362,"56-65in",6
"65UR8SNZ","China","LCD (LED)",110.35,416,5.5,"Analogue/Digital","0.36","0.0","HISENSE",65,1.148,146,96.1,362,"56-65in",6
"65UR8S series","China","LCD (LED)",110.35,416,5.5,"Analogue/Digital","0.36","0.0","HISENSE",65,1.148,146,96.1,362,"56-65in",6
"BP650USTQ","China","LCD (LED)",104.98,416,5.5,"Analogue/Digital","","","BLAUPUNKT",65,1.148,146,91.4,362,"56-65in",6
"K65USTWQ","China","LCD (LED)",104.98,416,5.5,"Analogue/Digital","","","EKO",65,1.148,146,91.4,362,"56-65in",6
"BILD i65","Germany","OLED",114,418,5,"Analogue/Digital","0.27","0.8","LOEWE",65,1.144,146,99.7,365,"56-65in",5
"65NANO806QA","Indonesia","LCD (LED)",114,419,5,"Analogue/Digital","0.4","0.0","LG",65,1.148,147,99.3,365,"56-65in",5
"HG65AU800AW","Vietnam","LCD (LED)",114,419,5,"Digital","0.5","0.0","SAMSUNG",65,1.148,147,99.3,365,"56-65in",5
"65QNED7SSQA","Indonesia,South Korea","LCD (LED)",114,419,5,"Analogue/Digital","0.4","0.0","LG",65,1.148,147,99.3,365,"56-65in",5
"65QNED75SRA","Indonesia,South Korea","LCD (LED)",114,419,5,"Analogue/Digital","0.4","0.0","LG",65,1.148,147,99.3,365,"56-65in",5
"UA65DU7000S","Vietnam","LCD (LED)",114,419,5,"Digital","0.5","0.0","SAMSUNG",65,1.148,147,99.3,365,"56-65in",5
"UA65DU7000W","Vietnam","LCD (LED)",114,419,5,"Digital","0.5","0.0","SAMSUNG",65,1.148,147,99.3,365,"56-65in",5
"UA65DU7700S","Vietnam","LCD (LED)",114,419,5,"Digital","0.5","0.0","SAMSUNG",65,1.148,147,99.3,365,"56-65in",5
"UA65DU7700W","Vietnam","LCD (LED)",114,419,5,"Digital","0.5","0.0","SAMSUNG",65,1.148,147,99.3,365,"56-65in",5
"UA65DU7*00*","Vietnam","LCD (LED)",114,419,5,"Digital","0.5","0.0","SAMSUNG",65,1.148,147,99.3,365,"56-65in",5
"65UT90506LB","Indonesia,South Korea","LCD (LED)",114,419,5,"Analogue/Digital","0.4","0.0","LG",65,1.148,147,99.3,365,"56-65in",5
"BE65D-H","Vietnam","LCD (LED)",114,419,5,"Digital","0.5","0.0","SAMSUNG",65,1.148,147,99.3,365,"56-65in",5
"65UR765H0VC","Indonesia","LCD (LED)",115,422,5,"Analogue/Digital","0.4","0.0","LG",65,1.148,148,100.2,368,"56-65in",5
"OLED65G5PSA","Indonesia,South Korea","OLED",115,422,5,"Analogue/Digital","0.4","0.0","LG",65,1.148,148,100.2,368,"56-65in",5
"OLED65G56LA","Indonesia,South Korea","OLED",115,422,5,"Analogue/Digital","0.4","0.0","LG",65,1.148,148,100.2,368,"56-65in",5
"65UA7350PSB","China,Vietnam","LCD (LED)",115,422,5,"Analogue/Digital","","","LG",65,1.148,148,100.2,368,"56-65in",5
"65PK640S0SB","China,Vietnam","LCD (LED)",115,422,5,"Analogue/Digital","","","LG",65,1.148,148,100.2,368,"56-65in",5
"65UA731C0SB","China,Vietnam","LCD (LED)",115,422,5,"Analogue/Digital","","","LG",65,1.148,148,100.2,368,"56-65in",5
"65A300W","China","LCD (LED)",103.5,425,5,"Analogue/Digital","0.254","0.0","TCL",64,1.147,149,90.2,371,"56-65in",5
"HG65AJ690YK","Vietnam","LCD (LED)",116,426,5,"Digital","0.5","0.0","SAMSUNG",65,1.148,149,101,371,"56-65in",5
"LH65BECHLGKXXY","Vietnam","LCD (LED)",116,426,5,"Digital","0.5","0.0","SAMSUNG",65,1.148,149,101,371,"56-65in",5
"LH65BECHLGSXNZ","Vietnam","LCD (LED)",116,426,5,"Digital","0.5","0.0","SAMSUNG",65,1.148,149,101,371,"56-65in",5
"LH65BECHLG****","Vietnam","LCD (LED)",116,426,5,"Digital","0.5","0.0","SAMSUNG",65,1.148,149,101,371,"56-65in",5
"UA65CU7000S","Vietnam","LCD (LED)",116,426,5,"Digital","0.5","0.0","SAMSUNG",65,1.148,149,101,371,"56-65in",5
"UA65CU7100S","Vietnam","LCD (LED)",116,426,5,"Digital","0.5","0.0","SAMSUNG",65,1.148,149,101,371,"56-65in",5
"UA65CU7*00S","Vietnam","LCD (LED)",116,426,5,"Digital","0.5","0.0","SAMSUNG",65,1.148,149,101,371,"56-65in",5
"UA65TU8000","Vietnam","LCD (LED)",116,426,5,"Digital","0.5","0.0","SAMSUNG",65,1.148,149,101,371,"56-65in",5
"UA65TU8000S","Vietnam","LCD (LED)",116,426,5,"Digital","0.5","0.0","SAMSUNG",65,1.148,149,101,371,"56-65in",5
"UA65TU8000W","Vietnam","LCD (LED)",116,426,5,"Digital","0.5","0.0","SAMSUNG",65,1.148,149,101,371,"56-65in",5
"QA65Q63BAS","Vietnam","LCD (LED)",117,430,5,"Digital","0.5","0.0","SAMSUNG",65,1.148,150,101.9,375,"56-65in",5
"QA65Q6*BA*","Vietnam","LCD (LED)",117,430,5,"Digital","0.5","0.0","SAMSUNG",65,1.148,150,101.9,375,"56-65in",5
"QA65Q63BAK","Vietnam","LCD (LED)",117,430,5,"Digital","0.5","0.0","SAMSUNG",65,1.148,150,101.9,375,"56-65in",5
"QA65Q60BAW","Vietnam","LCD (LED)",117,430,5,"Digital","0.5","0.0","SAMSUNG",65,1.148,150,101.9,375,"56-65in",5
"QA65Q60BAS","Vietnam","LCD (LED)",117,430,5,"Digital","0.5","0.0","SAMSUNG",65,1.148,150,101.9,375,"56-65in",5
"HG65Q60BAAW","Vietnam","LCD (LED)",117,430,5,"Digital","0.5","0.0","SAMSUNG",65,1.148,150,101.9,375,"56-65in",5
"QA65Q7FAAW","Vietnam","LCD (LED)",117,430,5,"Digital","0.5","0.0","SAMSUNG",65,1.148,150,101.9,375,"56-65in",5
"QA65Q7FAAS","Vietnam","LCD (LED)",117,430,5,"Digital","0.5","0.0","SAMSUNG",65,1.148,150,101.9,375,"56-65in",5
"QA65Q7F5AW","Vietnam","LCD (LED)",117,430,5,"Digital","0.5","0.0","SAMSUNG",65,1.148,150,101.9,375,"56-65in",5
"QA65Q7F5AS","Vietnam","LCD (LED)",117,430,5,"Digital","0.5","0.0","SAMSUNG",65,1.148,150,101.9,375,"56-65in",5
"QA65QEF1AW","Vietnam","LCD (LED)",117,430,5,"Digital","0.5","0.0","SAMSUNG",65,1.148,150,101.9,375,"56-65in",5
"QA65QEF1AS","Vietnam","LCD (LED)",117,430,5,"Digital","0.5","0.0","SAMSUNG",65,1.148,150,101.9,375,"56-65in",5
"QA65Q*F SERIES","Vietnam","LCD (LED)",117,430,5,"Digital","0.5","0.0","SAMSUNG",65,1.148,150,101.9,375,"56-65in",5
"65UR767H3VC","Indonesia","LCD (LED)",118,433,5,"Analogue/Digital","0.4","0.0","LG",65,1.148,152,102.8,377,"56-65in",5
"65QNED80SQA","Indonesia","LCD (LED)",118,433,5,"Analogue/Digital","0.4","0.0","LG",65,1.148,152,102.8,377,"56-65in",5
"65QNED806QA","Indonesia","LCD (LED)",118,433,5,"Analogue/Digital","0.4","0.0","LG",65,1.148,152,102.8,377,"56-65in",5
"65QNED81SRA","Indonesia,South Korea","LCD (LED)",118,433,5,"Analogue/Digital","0.4","0.0","LG",65,1.148,152,102.8,377,"56-65in",5
"65QNED816RA","Indonesia,South Korea","LCD (LED)",118,433,5,"Analogue/Digital","0.4","0.0","LG",65,1.148,152,102.8,377,"56-65in",5
"65QNED86TSA","Indonesia,South Korea","LCD (LED)",118,433,5,"Analogue/Digital","0.4","0.0","LG",65,1.148,152,102.8,377,"56-65in",5
"65QNED86T6A","Indonesia,South Korea","LCD (LED)",118,433,5,"Analogue/Digital","0.4","0.0","LG",65,1.148,152,102.8,377,"56-65in",5
"65NANO80A6A","Indonesia,South Korea","LCD (LED)",118,433,5,"Analogue/Digital","0.4","0.0","LG",65,1.148,152,102.8,377,"56-65in",5
"65NANO80ASA","Indonesia,South Korea","LCD (LED)",118,433,5,"Analogue/Digital","0.4","0.0","LG",65,1.148,152,102.8,377,"56-65in",5
"65UA8450PSA","Indonesia,South Korea","LCD (LED)",118,433,5,"Analogue/Digital","0.4","0.0","LG",65,1.148,152,102.8,377,"56-65in",5
"65QNED70A6A","Indonesia,South Korea","LCD (LED)",118,433,5,"Analogue/Digital","0.4","0.0","LG",65,1.148,152,102.8,377,"56-65in",5
"65QNED70ASA","Indonesia,South Korea","LCD (LED)",118,433,5,"Analogue/Digital","0.4","0.0","LG",65,1.148,152,102.8,377,"56-65in",5
"65UA841C0SA","Indonesia,South Korea","LCD (LED)",118,433,5,"Analogue/Digital","0.4","0.0","LG",65,1.148,152,102.8,377,"56-65in",5
"65UA8055PSA","Indonesia,South Korea","LCD (LED)",118,433,5,"Analogue/Digital","0.4","0.0","LG",65,1.148,152,102.8,377,"56-65in",5
"KAQL65MQ8TA","China","LCD (LED)",109.1,436,5,"Analogue/Digital","0.3","0.0","KOGAN",65,1.148,153,95,380,"56-65in",5
"KAQL65MQ8TB","China","LCD (LED)",109.1,436,5,"Analogue/Digital","0.3","0.0","KOGAN",65,1.148,153,95,380,"56-65in",5
"KAQL65MQ8TC","China","LCD (LED)",109.1,436,5,"Analogue/Digital","0.3","0.0","KOGAN",65,1.148,153,95,380,"56-65in",5
"KAQL65MQ8TD","China","LCD (LED)",109.1,436,5,"Analogue/Digital","0.3","0.0","KOGAN",65,1.148,153,95,380,"56-65in",5
"KAQL65MQ8TE","China","LCD (LED)",109.1,436,5,"Analogue/Digital","0.3","0.0","KOGAN",65,1.148,153,95,380,"56-65in",5
"UA65BU8000W","Vietnam","LCD (LED)",119,437,5,"Digital","0.5","0.0","SAMSUNG",65,1.148,153,103.7,381,"56-65in",5
"UA65BU8000S","Vietnam","LCD (LED)",119,437,5,"Digital","0.5","0.0","SAMSUNG",65,1.148,153,103.7,381,"56-65in",5
"UA65BU8000*","Vietnam","LCD (LED)",119,437,5,"Digital","0.5","0.0","SAMSUNG",65,1.148,153,103.7,381,"56-65in",5
"UA65BU8500S","Vietnam","LCD (LED)",119,437,5,"Digital","0.5","0.0","SAMSUNG",65,1.148,153,103.7,381,"56-65in",5
"HG65BU800AW","Vietnam","LCD (LED)",119,437,5,"Digital","0.5","0.0","SAMSUNG",65,1.148,153,103.7,381,"56-65in",5
"K-65XR80","Malaysia,Vietnam","OLED",117.9,437,5,"Analogue/Digital","0.5","14.7","SONY",65,1.148,153,102.7,381,"56-65in",5
"PT6515SU","China","LCD (LED)",105.43,439,5,"Analogue/Digital","0.3","0.48","PALSONIC",65,1.148,154,91.8,382,"56-65in",5
"65U6QAU PRO","China","LCD (LED)",110.31,439,5,"Analogue/Digital","0.32","0.0","HISENSE",65,1.148,154,96.1,382,"56-65in",5
"65U6QNZ PRO","China","LCD (LED)",110.31,439,5,"Analogue/Digital","0.32","0.0","HISENSE",65,1.148,154,96.1,382,"56-65in",5
"65U6Q PRO series","China","LCD (LED)",110.31,439,5,"Analogue/Digital","0.32","0.0","HISENSE",65,1.148,154,96.1,382,"56-65in",5
"65QNED91SQA","Indonesia","LCD (LED)",120,440,5,"Analogue/Digital","0.4","0.0","LG",65,1.148,154,104.5,383,"56-65in",5
"65C655","China","LCD (LED)",106.6,440,5,"Analogue/Digital","0.32","0.0","TCL",64,1.147,154,92.9,384,"56-65in",5
"65C755","China","LCD (LED)",105.7,440,5,"Analogue/Digital","0.323","0.0","TCL",64,1.147,154,92.2,384,"56-65in",5
"65UT8050PSB","Indonesia,South Korea","LCD (LED)",120,441,5,"Analogue/Digital","0.4","0.0","LG",65,1.148,154,104.5,384,"56-65in",5
"65UT80506LA","Indonesia,South Korea","LCD (LED)",120,441,5,"Analogue/Digital","0.4","0.0","LG",65,1.148,154,104.5,384,"56-65in",5
"65UT81006LA","Indonesia,South Korea","LCD (LED)",120,441,5,"Analogue/Digital","0.4","0.0","LG",65,1.148,154,104.5,384,"56-65in",5
"65UT801C0LA","Indonesia,South Korea","LCD (LED)",120,441,5,"Analogue/Digital","0.4","0.0","LG",65,1.148,154,104.5,384,"56-65in",5
"65UT801C0SB","Indonesia,South Korea","LCD (LED)",120,441,5,"Analogue/Digital","0.4","0.0","LG",65,1.148,154,104.5,384,"56-65in",5
"OLED65B3PSA","Indonesia,South Korea","OLED",121,444,5,"Analogue/Digital","0.4","0.0","LG",65,1.148,155,105.4,387,"56-65in",5
"OLED65B36LA","Indonesia,South Korea","OLED",121,444,5,"Analogue/Digital","0.4","0.0","LG",65,1.148,155,105.4,387,"56-65in",5
"OLED65C4PSA","Indonesia,South Korea","OLED",122,448,5,"Analogue/Digital","0.4","0.0","LG",65,1.148,157,106.3,390,"56-65in",5
"OLED65C46LA","Indonesia,South Korea","OLED",122,448,5,"Analogue/Digital","0.4","0.0","LG",65,1.148,157,106.3,390,"56-65in",5
"UA65DU8000W","Vietnam","LCD (LED)",122,448,5,"Digital","0.5","0.0","SAMSUNG",65,1.148,157,106.3,390,"56-65in",5
"UA65DU8000S","Vietnam","LCD (LED)",122,448,5,"Digital","0.5","0.0","SAMSUNG",65,1.148,157,106.3,390,"56-65in",5
"UA65DU8500S","Vietnam","LCD (LED)",122,448,5,"Digital","0.5","0.0","SAMSUNG",65,1.148,157,106.3,390,"56-65in",5
"UA65DU8*00*","Vietnam","LCD (LED)",122,448,5,"Digital","0.5","0.0","SAMSUNG",65,1.148,157,106.3,390,"56-65in",5
"UA65DUE800W","Vietnam","LCD (LED)",122,448,5,"Digital","0.5","0.0","SAMSUNG",65,1.148,157,106.3,390,"56-65in",5
"UA65DUE800S","Vietnam","LCD (LED)",122,448,5,"Digital","0.5","0.0","SAMSUNG",65,1.148,157,106.3,390,"56-65in",5
"UA65DUE800*","Vietnam","LCD (LED)",122,448,5,"Digital","0.5","0.0","SAMSUNG",65,1.148,157,106.3,390,"56-65in",5
"AV-AQ657155A","China","LCD (LED)",105.96,448,5,"Analogue/Digital","","","JVC",64,1.147,157,92.4,391,"56-65in",5
"LT-65NQ7155A","China","LCD (LED)",105.96,448,5,"Analogue/Digital","","","JVC",64,1.147,157,92.4,391,"56-65in",5
"LT-65NQ7155AW","China","LCD (LED)",105.96,448,5,"Analogue/Digital","","","JVC",64,1.147,157,92.4,391,"56-65in",5
"LT-65NQ7155AX","China","LCD (LED)",105.96,448,5,"Analogue/Digital","","","JVC",64,1.147,157,92.4,391,"56-65in",5
"AQ657155 series","China","LCD (LED)",105.96,448,5,"Analogue/Digital","","","JVC",64,1.147,157,92.4,391,"56-65in",5
"QA65Q8FAAW","Vietnam","LCD (LED)",122,448,5,"Digital","0.5","0.0","SAMSUNG",65,1.148,157,106.3,390,"56-65in",5
"QA65Q8FAAS","Vietnam","LCD (LED)",122,448,5,"Digital","0.5","0.0","SAMSUNG",65,1.148,157,106.3,390,"56-65in",5
"QA65Q8F5AW","Vietnam","LCD (LED)",122,448,5,"Digital","0.5","0.0","SAMSUNG",65,1.148,157,106.3,390,"56-65in",5
"QA65Q8F*A*","Vietnam","LCD (LED)",122,448,5,"Digital","0.5","0.0","SAMSUNG",65,1.148,157,106.3,390,"56-65in",5
"AV-AE657155A","China","LCD (LED)",107.58,448,5,"Analogue/Digital","","","JVC",65,1.182,157,91,379,"56-65in",5
"AV-JE657165A","China","LCD (LED)",107.58,448,5,"Analogue/Digital","","","JVC",65,1.182,157,91,379,"56-65in",5
"LT-65NE7155A","China","LCD (LED)",107.58,448,5,"Analogue/Digital","","","JVC",65,1.182,157,91,379,"56-65in",5
"AV-AE657155A series","China","LCD (LED)",107.58,448,5,"Analogue/Digital","","","JVC",65,1.182,157,91,379,"56-65in",5
"KAOD65X98JSVA","China","LCD (LED)",105.84,448,5,"Analogue/Digital","","","KOGAN",64,1.147,157,92.3,391,"56-65in",5
"KAOD65X98JSVB","China","LCD (LED)",105.84,448,5,"Analogue/Digital","","","KOGAN",64,1.147,157,92.3,391,"56-65in",5
"KAOD65X98JSVC","China","LCD (LED)",105.84,448,5,"Analogue/Digital","","","KOGAN",64,1.147,157,92.3,391,"56-65in",5
"KAOD65X98JSV series","China","LCD (LED)",105.84,448,5,"Analogue/Digital","","","KOGAN",64,1.147,157,92.3,391,"56-65in",5
"M65","China","LCD (LED)",111.6,450,5,"Analogue/Digital","","","PRISM+",65,1.148,158,97.2,392,"56-65in",5
"65C8K","China","LCD (LED)",107.4,450,5,"Analogue/Digital","0.305","0.0","TCL",64,1.147,158,93.6,392,"56-65in",5
"65X8700G","China","LCD (LED)",111.6,450,5,"Analogue/Digital","","","SKYWORTH",65,1.148,158,97.2,392,"56-65in",5
"XR-65A80K","Malaysia","OLED",121.1,451,5,"Analogue/Digital","0.5","27.7","SONY",65,1.148,158,105.5,393,"56-65in",5
"XR-65A80L","Malaysia","OLED",121.1,451,5,"Analogue/Digital","0.5","27.3","SONY",65,1.148,158,105.5,393,"56-65in",5
"UA65CU8000W","Vietnam","LCD (LED)",123,452,5,"Digital","0.5","0.0","SAMSUNG",65,1.148,158,107.1,394,"56-65in",5
"UA65CU8000S","Vietnam","LCD (LED)",123,452,5,"Digital","0.5","0.0","SAMSUNG",65,1.148,158,107.1,394,"56-65in",5
"UA65CU8500S","Vietnam","LCD (LED)",123,452,5,"Digital","0.5","0.0","SAMSUNG",65,1.148,158,107.1,394,"56-65in",5
"UA65CU8*00*","Vietnam","LCD (LED)",123,452,5,"Digital","0.5","0.0","SAMSUNG",65,1.148,158,107.1,394,"56-65in",5
"XR-65A95L","Malaysia","OLED",122.1,452,5,"Analogue/Digital","0.5","15.5","SONY",65,1.148,158,106.4,394,"56-65in",5
"OLED65C5PSA","Indonesia,South Korea","OLED",124,455,5,"Analogue/Digital","0.4","0.0","LG",65,1.148,159,108,396,"56-65in",5
"OLED65C56LA","Indonesia,South Korea","OLED",124,455,5,"Analogue/Digital","0.4","0.0","LG",65,1.148,159,108,396,"56-65in",5
"65X9HAU","China","OLED",108.3,459,5,"Analogue/Digital","0.314","0.0","HISENSE",65,1.148,161,94.3,400,"56-65in",5
"65QNED86SRA","Indonesia,South Korea","LCD (LED)",125,459,5,"Analogue/Digital","0.4","0.0","LG",65,1.148,161,108.9,400,"56-65in",5
"65QNED866RA","Indonesia,South Korea","LCD (LED)",125,459,5,"Analogue/Digital","0.4","0.0","LG",65,1.148,161,108.9,400,"56-65in",5
"65QNED866RE","Indonesia,South Korea","LCD (LED)",125,459,5,"Analogue/Digital","0.4","0.0","LG",65,1.148,161,108.9,400,"56-65in",5
"65U7KAU","China","LCD (LED)",109.65,459,5,"Analogue/Digital","0.3","0.0","HISENSE",65,1.148,161,95.5,400,"56-65in",5
"65U7KNZ","China","LCD (LED)",109.65,459,5,"Analogue/Digital","0.3","0.0","HISENSE",65,1.148,161,95.5,400,"56-65in",5
"65U7K series","China","LCD (LED)",109.65,459,5,"Analogue/Digital","0.3","0.0","HISENSE",65,1.148,161,95.5,400,"56-65in",5
"65QNED91TSA","Indonesia,South Korea","LCD (LED)",125,459,5,"Analogue/Digital","0.4","0.0","LG",65,1.148,161,108.9,400,"56-65in",5
"65QNED91T6A","Indonesia,South Korea","LCD (LED)",125,459,5,"Analogue/Digital","0.4","0.0","LG",65,1.148,161,108.9,400,"56-65in",5
"KAOD65X98JSTA","China","OLED",112.7,459,5,"Analogue/Digital","0.35","0.35","KOGAN",65,1.148,161,98.2,400,"56-65in",5
"KAOD65X98JSTB","China","OLED",112.7,459,5,"Analogue/Digital","0.35","0.35","KOGAN",65,1.148,161,98.2,400,"56-65in",5
"KAOD65X98JSTC","China","OLED",112.7,459,5,"Analogue/Digital","0.35","0.35","KOGAN",65,1.148,161,98.2,400,"56-65in",5
"KAOD65X98JSTD","China","OLED",112.7,459,5,"Analogue/Digital","0.35","0.35","KOGAN",65,1.148,161,98.2,400,"56-65in",5
"KAOD65X98JSTE","China","OLED",112.7,459,5,"Analogue/Digital","0.35","0.35","KOGAN",65,1.148,161,98.2,400,"56-65in",5
"KAOD65X98JST*","China","OLED",112.7,459,5,"Analogue/Digital","0.35","0.35","KOGAN",65,1.148,161,98.2,400,"56-65in",5
"65C6K","China","LCD (LED)",115,460,5,"Analogue/Digital","0.286","0.0","TCL",64,1.147,161,100.3,401,"56-65in",5
"OLED65B2PSA","Indonesia","OLED",126,462,5,"Analogue/Digital","0.4","0.0","LG",65,1.148,162,109.8,402,"56-65in",5
"65ART90ESQA","South Korea","OLED",126,462,5,"Analogue/Digital","0.4","0.0","LG",65,1.148,162,109.8,402,"56-65in",5
"65ART90ESQB","South Korea","OLED",126,462,5,"Analogue/Digital","0.4","0.0","LG",65,1.148,162,109.8,402,"56-65in",5
"65ART90ESQC","South Korea","OLED",126,462,5,"Analogue/Digital","0.4","0.0","LG",65,1.148,162,109.8,402,"56-65in",5
"65ART90E6QA","South Korea","OLED",126,462,5,"Analogue/Digital","0.4","0.0","LG",65,1.148,162,109.8,402,"56-65in",5
"65ART90E6QB","South Korea","OLED",126,462,5,"Analogue/Digital","0.4","0.0","LG",65,1.148,162,109.8,402,"56-65in",5
"65ART90E6QC","South Korea","OLED",126,462,5,"Analogue/Digital","0.4","0.0","LG",65,1.148,162,109.8,402,"56-65in",5
"65ART90E","South Korea","OLED",126,462,5,"Analogue/Digital","0.4","0.0","LG",65,1.148,162,109.8,402,"56-65in",5
"OLED65CS6LA","Indonesia,South Korea","OLED",126,462,5,"Analogue/Digital","0.4","0.0","LG",65,1.148,162,109.8,402,"56-65in",5
"OLED65CSPSA","Indonesia,South Korea","OLED",126,462,5,"Analogue/Digital","0.4","0.0","LG",65,1.148,162,109.8,402,"56-65in",5
"K65USWQ2","China","LCD (LED)",113.9,462,5,"Analogue/Digital","","","EKO",65,1.148,162,99.2,402,"56-65in",5
"65PUT7039/79","China","LCD (LED)",115,462,5,"Analogue/Digital","","","PHILIPS",65,1.178,162,97.6,392,"56-65in",5
"65UK760H0SD","Indonesia,South Korea","LCD (LED)",126,462,5,"Analogue/Digital","0.4","0.0","LG",65,1.148,162,109.8,402,"56-65in",5
"KAQL65MQ8ZTA","China","LCD (LED)",120.1,462,5,"Analogue/Digital","0.36","0.0","KOGAN",65,1.148,162,104.6,402,"56-65in",5
"KAQL65MQ8ZTB","China","LCD (LED)",120.1,462,5,"Analogue/Digital","0.36","0.0","KOGAN",65,1.148,162,104.6,402,"56-65in",5
"KAQL65MQ8ZTC","China","LCD (LED)",120.1,462,5,"Analogue/Digital","0.36","0.0","KOGAN",65,1.148,162,104.6,402,"56-65in",5
"KAQL65MQ8ZTD","China","LCD (LED)",120.1,462,5,"Analogue/Digital","0.36","0.0","KOGAN",65,1.148,162,104.6,402,"56-65in",5
"KAQL65MQ8ZTE","China","LCD (LED)",120.1,462,5,"Analogue/Digital","0.36","0.0","KOGAN",65,1.148,162,104.6,402,"56-65in",5
"KAQL65MQ8ZT*","China","LCD (LED)",120.1,462,5,"Analogue/Digital","0.36","0.0","KOGAN",65,1.148,162,104.6,402,"56-65in",5
"65OLED708/75","China","OLED",114.8,463,5,"Analogue/Digital","0.3","0.0","PHILIPS",65,1.148,162,100,403,"56-65in",5
"65OLED708/79","China","OLED",114.8,463,5,"Analogue/Digital","0.3","0.0","PHILIPS",65,1.148,162,100,403,"56-65in",5
"HG65CU700AW","Vietnam","LCD (LED)",126,463,5,"Digital","0.5","0.0","SAMSUNG",65,1.148,162,109.8,403,"56-65in",5
"QA65LS01DAW","Vietnam","LCD (LED)",126,463,5,"Digital","0.5","0.0","SAMSUNG",65,1.148,162,109.8,403,"56-65in",5
"QA65LS01DAS","Vietnam","LCD (LED)",126,463,5,"Digital","0.5","0.0","SAMSUNG",65,1.148,162,109.8,403,"56-65in",5
"QA65LS01DA*","Vietnam","LCD (LED)",126,463,5,"Digital","0.5","0.0","SAMSUNG",65,1.148,162,109.8,403,"56-65in",5
"K65USTW","China","LCD",126.1,463,5,"Analogue/Digital","0.42","0.0","EKO",65,1.148,162,109.8,403,"56-65in",5
"65MLED601/79","China","LCD (LED)",125,463,5,"Analogue/Digital","0.38","0.48","PHILIPS",65,1.148,162,108.9,403,"56-65in",5
"65U7HAU","China","LCD (LED)",115.68,464,5,"Analogue/Digital","0.324","0.0","HISENSE",65,1.148,162,100.8,404,"56-65in",5
"65U7HNZ","China","LCD (LED)",115.68,464,5,"Analogue/Digital","0.324","0.0","HISENSE",65,1.148,162,100.8,404,"56-65in",5
"65U7H series","China","LCD (LED)",115.68,464,5,"Analogue/Digital","0.324","0.0","HISENSE",65,1.148,162,100.8,404,"56-65in",5
"65U7NAU","China","LCD (LED)",110.54,464,5,"Analogue/Digital","0.33","0.0","HISENSE",64,1.147,162,96.4,405,"56-65in",5
"65U7NNZ","China","LCD (LED)",110.54,464,5,"Analogue/Digital","0.33","0.0","HISENSE",64,1.147,162,96.4,405,"56-65in",5
"65U7N series","China","LCD (LED)",110.54,464,5,"Analogue/Digital","0.33","0.0","HISENSE",64,1.147,162,96.4,405,"56-65in",5
"Q65U","China","LCD (LED)",110.448,465,5,"Analogue/Digital","","","PRISM+",65,1.148,163,96.2,405,"56-65in",5
"65Z670MP","China","LCD (LED)",117.13,465,5,"Analogue/Digital","0.283","0.0","TOSHIBA",65,1.148,163,102,405,"56-65in",5
"65U7QAU","China","LCD (LED)",115.94,465,5,"Analogue/Digital","0.375","0.0","HISENSE",65,1.148,163,101,405,"56-65in",5
"65U7QNZ","China","LCD (LED)",115.94,465,5,"Analogue/Digital","0.375","0.0","HISENSE",65,1.148,163,101,405,"56-65in",5
"65U7Q series","China","LCD (LED)",115.94,465,5,"Analogue/Digital","0.375","0.0","HISENSE",65,1.148,163,101,405,"56-65in",5
"65Q7700G","China","LCD (LED)",118.6,465,5,"Analogue/Digital","","","SKYWORTH",65,1.148,163,103.3,405,"56-65in",5
"65C8L","China","LCD (LED)",109.4,465,5,"Analogue/Digital","0.413","0.0","TCL",64,1.147,163,95.4,405,"56-65in",5
"65U7SAU","China","LCD (LED)",117.57,465,5,"Analogue/Digital","0.34","0.0","HISENSE",65,1.148,163,102.4,405,"56-65in",5
"65U7SNZ","China","LCD (LED)",117.57,465,5,"Analogue/Digital","0.34","0.0","HISENSE",65,1.148,163,102.4,405,"56-65in",5
"65U7S series","China","LCD (LED)",117.57,465,5,"Analogue/Digital","0.34","0.0","HISENSE",65,1.148,163,102.4,405,"56-65in",5
"KAL65U9QA","China,Vietnam,Hungary","LCD",104.15,465,5,"Analogue/Digital","","","KOGAN",65,1.148,163,90.7,405,"56-65in",5
"KAL65U9QB","China,Vietnam,Hungary","LCD",104.15,465,5,"Analogue/Digital","","","KOGAN",65,1.148,163,90.7,405,"56-65in",5
"KAL65U9QC","China,Vietnam,Hungary","LCD",104.15,465,5,"Analogue/Digital","","","KOGAN",65,1.148,163,90.7,405,"56-65in",5
"KAL65U9QD","China,Vietnam,Hungary","LCD",104.15,465,5,"Analogue/Digital","","","KOGAN",65,1.148,163,90.7,405,"56-65in",5
"KAL65U9Q*","China,Vietnam,Hungary","LCD",104.15,465,5,"Analogue/Digital","","","KOGAN",65,1.148,163,90.7,405,"56-65in",5
"65UQ80006LB","Indonesia","LCD (LED)",127,466,4.5,"Analogue/Digital","0.4","0.0","LG",65,1.148,163,110.6,406,"56-65in",4
"65UR8050PSB","Indonesia,South Korea","LCD (LED)",127,466,4.5,"Analogue/Digital","0.4","0.0","LG",65,1.148,163,110.6,406,"56-65in",4
"65UR80006LJ","Indonesia,South Korea","LCD (LED)",127,466,4.5,"Analogue/Digital","0.4","0.0","LG",65,1.148,163,110.6,406,"56-65in",4
"65UR78006LL","Indonesia,South Korea","LCD (LED)",127,466,4.5,"Analogue/Digital","0.4","0.0","LG",65,1.148,163,110.6,406,"56-65in",4
"65UR81006LJ","Indonesia,South Korea","LCD (LED)",127,466,4.5,"Analogue/Digital","0.4","0.0","LG",65,1.148,163,110.6,406,"56-65in",4
"65UR781C0LL","Indonesia,South Korea","LCD (LED)",127,466,4.5,"Analogue/Digital","0.4","0.0","LG",65,1.148,163,110.6,406,"56-65in",4
"65UR801C0SB","Indonesia,South Korea","LCD (LED)",127,466,4.5,"Analogue/Digital","0.4","0.0","LG",65,1.148,163,110.6,406,"56-65in",4
"AWS650W","China","LCD (LED)",115.94,468,4.5,"Analogue/Digital","0.34","0.48","AIWA",65,1.148,164,101,408,"56-65in",4
"65PUT8507/79","China","LCD (LED)",116.25,469,4.5,"Analogue/Digital","0.33","0.0","PHILIPS",65,1.148,164,101.3,409,"56-65in",4
"65PUT8507/75","China","LCD (LED)",116.25,469,4.5,"Analogue/Digital","0.33","0.0","PHILIPS",65,1.148,164,101.3,409,"56-65in",4
"QA65S85HAE","Vietnam","LCD (LED)",128,470,4.5,"Digital","0.5","0.0","SAMSUNG",65,1.148,164,111.5,409,"56-65in",4
"QA65S85FAE","Vietnam","LCD (LED)",129,474,4.5,"Digital","0.5","0.0","SAMSUNG",65,1.148,166,112.4,413,"56-65in",4
"65DF","China","LCD",130.03,477,4.5,"Digital","0.39","0.0","TAVICE",65,1.149,167,113.2,415,"56-65in",4
"K-65XR70M2","China","LCD (LED)",129.4,477,4.5,"Analogue/Digital","0.5","9.9","SONY",65,1.148,167,112.7,416,"56-65in",4
"KD-65X75K","Vietnam","LCD (LED)",129.6,478,4.5,"Analogue/Digital","0.5","10.7","SONY",65,1.148,167,112.9,416,"56-65in",4
"QA65QN87DAW","Vietnam","LCD (LED)",130,478,4.5,"Digital","0.5","0.0","SAMSUNG",65,1.148,167,113.2,416,"56-65in",4
"QA65QN87DAS","Vietnam","LCD (LED)",130,478,4.5,"Digital","0.5","0.0","SAMSUNG",65,1.148,167,113.2,416,"56-65in",4
"QA65QN87DA*","Vietnam","LCD (LED)",130,478,4.5,"Digital","0.5","0.0","SAMSUNG",65,1.148,167,113.2,416,"56-65in",4
"QA65QN70HAW","Vietnam","LCD (LED)",130,478,4.5,"Digital","0.5","0.0","SAMSUNG",65,1.148,167,113.2,416,"56-65in",4
"QA65QN70HAS","Vietnam","LCD (LED)",130,478,4.5,"Digital","0.5","0.0","SAMSUNG",65,1.148,167,113.2,416,"56-65in",4
"QA65QN70HA*","Vietnam","LCD (LED)",130,478,4.5,"Digital","0.5","0.0","SAMSUNG",65,1.148,167,113.2,416,"56-65in",4
"QA65QN1EHAW","Vietnam","LCD (LED)",130,478,4.5,"Digital","0.5","0.0","SAMSUNG",65,1.148,167,113.2,416,"56-65in",4
"QA65QN1EHAS","Vietnam","LCD (LED)",130,478,4.5,"Digital","0.5","0.0","SAMSUNG",65,1.148,167,113.2,416,"56-65in",4
"QA65QN1EHA*","Vietnam","LCD (LED)",130,478,4.5,"Digital","0.5","0.0","SAMSUNG",65,1.148,167,113.2,416,"56-65in",4
"65PUT8528/79","China","LCD (LED)",119.3,481,4.5,"Analogue/Digital","0.36","0.0","PHILIPS",65,1.148,168,103.9,419,"56-65in",4
"QA65QN1EFAW","Vietnam","LCD (LED)",131,481,4.5,"Digital","0.5","0.0","SAMSUNG",65,1.148,168,114.1,419,"56-65in",4
"QA65QN1EFAS","Vietnam","LCD (LED)",131,481,4.5,"Digital","0.5","0.0","SAMSUNG",65,1.148,168,114.1,419,"56-65in",4
"QA65QN1EFA*","Vietnam","LCD (LED)",131,481,4.5,"Digital","0.5","0.0","SAMSUNG",65,1.148,168,114.1,419,"56-65in",4
"K-65XR30M2","Thailand","LCD (LED)",130.2,481,4.5,"Analogue/Digital","0.5","13.6","SONY",65,1.148,168,113.4,419,"56-65in",4
"65HFL7111T/12","Poland","LCD (LED)",131.3,483,4.5,"Analogue/Digital","","","PHILIPS",64,1.145,169,114.7,422,"56-65in",4
"65QNED85SQA","Indonesia","LCD (LED)",132,484,4.5,"Analogue/Digital","0.4","0.0","LG",65,1.148,169,115,422,"56-65in",4
"65QNED866QA","Indonesia","LCD (LED)",132,484,4.5,"Analogue/Digital","0.4","0.0","LG",65,1.148,169,115,422,"56-65in",4
"65S100","China","LCD (LED)",118.12,485,4.5,"Analogue/Digital","","","DREAME",65,1.148,170,102.9,422,"56-65in",4
"65PUT7129/98","China","LCD (LED)",122,488,4.5,"Analogue/Digital","","","PHILIPS",65,1.148,171,106.3,425,"56-65in",4
"65C7L","China","LCD (LED)",99.5,488,4.5,"Analogue/Digital","0.338","0.0","TCL",64,1.147,171,86.7,425,"56-65in",4
"SW65G4F","China","LCD (LED)",121.6,490,4.5,"Analogue/Digital","","","SKYWORTH",65,1.148,172,105.9,427,"56-65in",4
"QA65LS01BAW","Vietnam","LCD (LED)",134,492,4.5,"Digital","0.5","0.0","SAMSUNG",65,1.148,172,116.7,429,"56-65in",4
"QA65LS01BBW","Vietnam","LCD (LED)",134,492,4.5,"Digital","0.5","0.0","SAMSUNG",65,1.148,172,116.7,429,"56-65in",4
"QA65LS01BAS","Vietnam","LCD (LED)",134,492,4.5,"Digital","0.5","0.0","SAMSUNG",65,1.148,172,116.7,429,"56-65in",4
"QA65LS01B**","Vietnam","LCD (LED)",134,492,4.5,"Digital","0.5","0.0","SAMSUNG",65,1.148,172,116.7,429,"56-65in",4
"QA65QN85DBW","Vietnam","LCD (LED)",134,492,4.5,"Digital","0.5","0.0","SAMSUNG",65,1.148,172,116.7,429,"56-65in",4
"QA65QN85DBS","Vietnam","LCD (LED)",134,492,4.5,"Digital","0.5","0.0","SAMSUNG",65,1.148,172,116.7,429,"56-65in",4
"QA65QN85DB*","Vietnam","LCD (LED)",134,492,4.5,"Digital","0.5","0.0","SAMSUNG",65,1.148,172,116.7,429,"56-65in",4
"QA65QN80DAW","Vietnam","LCD (LED)",134,492,4.5,"Digital","0.5","0.0","SAMSUNG",65,1.148,172,116.7,429,"56-65in",4
"QA65QN80DAS","Vietnam","LCD (LED)",134,492,4.5,"Digital","0.5","0.0","SAMSUNG",65,1.148,172,116.7,429,"56-65in",4
"QA65QN80DA*","Vietnam","LCD (LED)",134,492,4.5,"Digital","0.5","0.0","SAMSUNG",65,1.148,172,116.7,429,"56-65in",4
"65OLED789/98","China","OLED",122.5,493,4.5,"Analogue/Digital","0.36","0.39","PHILIPS",65,1.148,173,106.7,429,"56-65in",4
"QA65QN3EFAS","Vietnam","LCD (LED)",136,499,4.5,"Digital","0.5","0.0","SAMSUNG",65,1.148,175,118.5,435,"56-65in",4
"QA65QN85CAW","Vietnam","LCD (LED)",137,503,4.5,"Digital","0.5","0.0","SAMSUNG",65,1.148,176,119.3,438,"56-65in",4
"QA65QN85CAS","Vietnam","LCD (LED)",137,503,4.5,"Digital","0.5","0.0","SAMSUNG",65,1.148,176,119.3,438,"56-65in",4
"QA65QN85CA*","Vietnam","LCD (LED)",137,503,4.5,"Digital","0.5","0.0","SAMSUNG",65,1.148,176,119.3,438,"56-65in",4
"QA65QN90FAW","Vietnam","LCD (LED)",137,503,4.5,"Digital","0.5","0.0","SAMSUNG",65,1.148,176,119.3,438,"56-65in",4
"QA65QN90FAS","Vietnam","LCD (LED)",137,503,4.5,"Digital","0.5","0.0","SAMSUNG",65,1.148,176,119.3,438,"56-65in",4
"QA65QN90FA*","Vietnam","LCD (LED)",137,503,4.5,"Digital","0.5","0.0","SAMSUNG",65,1.148,176,119.3,438,"56-65in",4
"U65G7P","China","LCD (LED)",138,506,4.5,"unknown","0.4","0.0","CHIQ",64,1.147,177,120.3,441,"56-65in",4
"KAL65U96VA","China","LCD (LED)",122.82,506,4.5,"Digital","0.45","0.0","KOGAN",65,1.147,177,107.1,441,"56-65in",4
"KAL65U96VB","China","LCD (LED)",122.82,506,4.5,"Digital","0.45","0.0","KOGAN",65,1.147,177,107.1,441,"56-65in",4
"KAL65U96VC","China","LCD (LED)",122.82,506,4.5,"Digital","0.45","0.0","KOGAN",65,1.147,177,107.1,441,"56-65in",4
"KAL65U96VA, KAL65U96VB, KAL65U96VC","China","LCD (LED)",122.82,506,4.5,"Digital","0.45","0.0","KOGAN",65,1.147,177,107.1,441,"56-65in",4
"KAQL65Q9VA","China","LCD (LED)",102.66,506,4.5,"Analogue/Digital","0.45","0.0","KOGAN",65,1.148,177,89.4,441,"56-65in",4
"KAQL65Q9VB","China","LCD (LED)",102.66,506,4.5,"Analogue/Digital","0.45","0.0","KOGAN",65,1.148,177,89.4,441,"56-65in",4
"KAQL65Q9VC","China","LCD (LED)",102.66,506,4.5,"Analogue/Digital","0.45","0.0","KOGAN",65,1.148,177,89.4,441,"56-65in",4
"*********65*********","China","LCD (LED)",102.66,506,4.5,"Analogue/Digital","0.45","0.0","KOGAN",65,1.148,177,89.4,441,"56-65in",4
"XR-65A95K","Malaysia","OLED",136,507,4.5,"Analogue/Digital","0.5","31.0","SONY",65,1.148,177,118.5,442,"56-65in",4
"QA65S90HAW","Vietnam","LCD (LED)",138,507,4.5,"Digital","0.5","0.0","SAMSUNG",65,1.148,177,120.2,442,"56-65in",4
"QA65S90HAS","Vietnam","LCD (LED)",138,507,4.5,"Digital","0.5","0.0","SAMSUNG",65,1.148,177,120.2,442,"56-65in",4
"QA65S90HA*","Vietnam","LCD (LED)",138,507,4.5,"Digital","0.5","0.0","SAMSUNG",65,1.148,177,120.2,442,"56-65in",4
"65C7K","China","LCD (LED)",134.4,510,4.5,"Analogue/Digital","0.287","0.0","TCL",64,1.147,178,117.2,445,"56-65in",4
"K650UGT2","China","LCD (LED)",132.27,511,4.5,"Analogue/Digital","0.37756","0.62228","EKO",65,1.148,179,115.2,445,"56-65in",4
"AV-H657115A11","China","LCD",124.968,512,4.5,"Analogue/Digital","0.34","0.34","JVC",64,1.14,179,109.6,449,"56-65in",4
"LT-65N7115A11","China","LCD",124.968,512,4.5,"Analogue/Digital","0.34","0.34","JVC",64,1.14,179,109.6,449,"56-65in",4
"G65UZ26A-AU","China","LCD",139.34,512,4.5,"unknown","0.5","0.0","SONIQ",64,1.147,179,121.5,446,"56-65in",4
"OLED65M5PSA","Indonesia,South Korea","OLED",140,514,4.5,"Analogue/Digital","0.4","0.0","LG",65,1.148,180,122,448,"56-65in",4
"OLED65M59LA","Indonesia,South Korea","OLED",140,514,4.5,"Analogue/Digital","0.4","0.0","LG",65,1.148,180,122,448,"56-65in",4
"QA65QN85FAW","Vietnam","LCD (LED)",140,514,4.5,"Digital","0.5","0.0","SAMSUNG",65,1.148,180,122,448,"56-65in",4
"QA65QN85FAS","Vietnam","LCD (LED)",140,514,4.5,"Digital","0.5","0.0","SAMSUNG",65,1.148,180,122,448,"56-65in",4
"QA65QN85FA*","Vietnam","LCD (LED)",140,514,4.5,"Digital","0.5","0.0","SAMSUNG",65,1.148,180,122,448,"56-65in",4
"65QNED80B6B","Indonesia,South Korea","LCD (LED)",140,514,4.5,"Analogue/Digital","0.4","0.0","LG",65,1.148,180,122,448,"56-65in",4
"65QNED80BSA","Indonesia,South Korea","LCD (LED)",140,514,4.5,"Analogue/Digital","0.4","0.0","LG",65,1.148,180,122,448,"56-65in",4
"65QNED90BSA","China","LCD (LED)",126.7,514,4.5,"Analogue/Digital","0.38","0.39","LG",65,1.148,180,110.4,448,"56-65in",4
"65QNED9MA6A","Indonesia,South Korea","LCD (LED)",140,515,4.5,"Analogue/Digital","0.4","0.0","LG",65,1.148,180,122,449,"56-65in",4
"65QNED9MASA","Indonesia,South Korea","LCD (LED)",140,515,4.5,"Analogue/Digital","0.4","0.0","LG",65,1.148,180,122,449,"56-65in",4
"KAQL65MQ9VA","China","LCD (LED)",128.52,515,4.5,"Analogue/Digital","0.4","0.0","KOGAN",65,1.148,180,112,449,"56-65in",4
"KAQL65MQ9VB","China","LCD (LED)",128.52,515,4.5,"Analogue/Digital","0.4","0.0","KOGAN",65,1.148,180,112,449,"56-65in",4
"KAQL65MQ9VC","China","LCD (LED)",128.52,515,4.5,"Analogue/Digital","0.4","0.0","KOGAN",65,1.148,180,112,449,"56-65in",4
"K-65S30","Malaysia,Vietnam","LCD (LED)",140,517,4.5,"Analogue/Digital","0.5","13.5","SONY",65,1.148,181,122,450,"56-65in",4
"65M810N","China","LCD (LED)",129.3,517,4.5,"unknown","0.36","0.0","CHIQ",65,1.148,181,112.6,450,"56-65in",4
"QA65QN70FAW","Vietnam","LCD (LED)",141,518,4.5,"Digital","0.5","0.0","SAMSUNG",65,1.148,181,122.8,451,"56-65in",4
"QA65QN70FAS","Vietnam","LCD (LED)",141,518,4.5,"Digital","0.5","0.0","SAMSUNG",65,1.148,181,122.8,451,"56-65in",4
"QA65QN70FA*","Vietnam","LCD (LED)",141,518,4.5,"Digital","0.5","0.0","SAMSUNG",65,1.148,181,122.8,451,"56-65in",4
"K650USG","China","LCD (LED)",137.7,520,4.5,"Analogue/Digital","","","EKO",65,1.148,182,119.9,453,"56-65in",4
"65Z870MP","China","LCD (LED)",129.47,520,4.5,"Analogue/Digital","0.41","0.0","TOSHIBA",65,1.148,182,112.8,453,"56-65in",4
"65U8KAU","China","LCD (LED)",133.75,520,4.5,"Analogue/Digital","0.393","0.0","HISENSE",65,1.148,182,116.5,453,"56-65in",4
"65U8KNZ","China","LCD (LED)",133.75,520,4.5,"Analogue/Digital","0.393","0.0","HISENSE",65,1.148,182,116.5,453,"56-65in",4
"65U8K series","China","LCD (LED)",133.75,520,4.5,"Analogue/Digital","0.393","0.0","HISENSE",65,1.148,182,116.5,453,"56-65in",4
"65U8QAU","China","LCD (LED)",129.15,520,4.5,"Analogue/Digital","0.4","0.0","HISENSE",65,1.148,182,112.5,453,"56-65in",4
"65U8QNZ","China","LCD (LED)",129.15,520,4.5,"Analogue/Digital","0.4","0.0","HISENSE",65,1.148,182,112.5,453,"56-65in",4
"65U8Q Series","China","LCD (LED)",129.15,520,4.5,"Analogue/Digital","0.4","0.0","HISENSE",65,1.148,182,112.5,453,"56-65in",4
"U65QM10","China","LCD (LED)",136.6,520,4.5,"Analogue/Digital","0.3","0.0","CHIQ",65,1.148,182,119,453,"56-65in",4
"65UR9SAU","China","LCD (LED)",138.43,520,4.5,"Analogue/Digital","0.33","0.0","HISENSE",65,1.148,182,120.6,453,"56-65in",4
"65UR9SNZ","China","LCD (LED)",138.43,520,4.5,"Analogue/Digital","0.33","0.0","HISENSE",65,1.148,182,120.6,453,"56-65in",4
"65UR9S Series","China","LCD (LED)",138.43,520,4.5,"Analogue/Digital","0.33","0.0","HISENSE",65,1.148,182,120.6,453,"56-65in",4
"65Z770RP","China","LCD (LED)",128.56,520,4.5,"Analogue/Digital","0.36","0.0","TOSHIBA",65,1.148,182,112,453,"56-65in",4
"65Z770SP","China","LCD (LED)",128.56,520,4.5,"Analogue/Digital","0.36","0.0","TOSHIBA",65,1.148,182,112,453,"56-65in",4
"65Z770","China","LCD (LED)",128.56,520,4.5,"Analogue/Digital","0.36","0.0","TOSHIBA",65,1.148,182,112,453,"56-65in",4
"LED65BQUSRC","China","LCD (LED)",136.6,520,4.5,"Analogue/Digital","0.3","0.0","TECO",65,1.148,182,119,453,"56-65in",4
"QA65Q70DAW","Vietnam","LCD (LED)",142,521,4,"Digital","0.5","0.0","SAMSUNG",65,1.148,182,123.7,454,"56-65in",4
"QA65Q70DAS","Vietnam","LCD (LED)",142,521,4,"Digital","0.5","0.0","SAMSUNG",65,1.148,182,123.7,454,"56-65in",4
"QA65Q70DA*","Vietnam","LCD (LED)",142,521,4,"Digital","0.5","0.0","SAMSUNG",65,1.148,182,123.7,454,"56-65in",4
"65PUT7908/79","China","LCD (LED)",129.8,523,4,"Analogue/Digital","0.39","0.0","PHILIPS",65,1.148,183,113.1,456,"56-65in",4
"65PUT7908/75","China","LCD (LED)",129.8,523,4,"Analogue/Digital","0.39","0.0","PHILIPS",65,1.148,183,113.1,456,"56-65in",4
"65UP801C0TB","Indonesia","LCD (LED)",144,528,4,"Analogue/Digital","0.4","0.0","LG",65,1.148,185,125.4,460,"56-65in",4
"65NANO75SQA","Indonesia","LCD (LED)",144,528,4,"Analogue/Digital","0.4","0.0","LG",65,1.148,185,125.4,460,"56-65in",4
"65NANO756QA","Indonesia","LCD (LED)",144,528,4,"Analogue/Digital","0.4","0.0","LG",65,1.148,185,125.4,460,"56-65in",4
"65NANO81TSA","Indonesia,South Korea","LCD (LED)",144,528,4,"Analogue/Digital","0.4","0.0","LG",65,1.148,185,125.4,460,"56-65in",4
"KD-65X77L","Vietnam","LCD (LED)",143.6,530,4,"Analogue/Digital","0.5","11.6","SONY",65,1.148,186,125.1,462,"56-65in",4
"65UQ75006LF","Indonesia","LCD (LED)",145,532,4,"Analogue/Digital","0.4","0.0","LG",65,1.148,186,126.3,463,"56-65in",4
"65UP751C0VG","Indonesia","LCD (LED)",145,532,4,"Analogue/Digital","0.4","0.0","LG",65,1.148,186,126.3,463,"56-65in",4
"65UQ751C0LF","Indonesia","LCD (LED)",145,532,4,"Analogue/Digital","0.4","0.0","LG",65,1.148,186,126.3,463,"56-65in",4
"OLED65G3PSA","Indonesia,South Korea","OLED",145,532,4,"Analogue/Digital","0.4","0.0","LG",65,1.148,186,126.3,463,"56-65in",4
"OLED65G36LA","Indonesia,South Korea","OLED",145,532,4,"Analogue/Digital","0.4","0.0","LG",65,1.148,186,126.3,463,"56-65in",4
"QA65Q70CAW","Vietnam","LCD (LED)",145,532,4,"Digital","0.5","0.0","SAMSUNG",65,1.148,186,126.3,463,"56-65in",4
"QA65Q70CAS","Vietnam","LCD (LED)",145,532,4,"Digital","0.5","0.0","SAMSUNG",65,1.148,186,126.3,463,"56-65in",4
"QA65Q70CA*","Vietnam","LCD (LED)",145,532,4,"Digital","0.5","0.0","SAMSUNG",65,1.148,186,126.3,463,"56-65in",4
"KAQL65MQ9TA","China","LCD (LED)",136.1,532,4.5,"Analogue/Digital","0.37","0.0","KOGAN",65,1.175,186,115.8,453,"56-65in",4
"KAQL65MQ9TB","China","LCD (LED)",136.1,532,4.5,"Analogue/Digital","0.37","0.0","KOGAN",65,1.175,186,115.8,453,"56-65in",4
"KAQL65MQ9TC","China","LCD (LED)",136.1,532,4.5,"Analogue/Digital","0.37","0.0","KOGAN",65,1.175,186,115.8,453,"56-65in",4
"KAQL65MQ9TD","China","LCD (LED)",136.1,532,4.5,"Analogue/Digital","0.37","0.0","KOGAN",65,1.175,186,115.8,453,"56-65in",4
"KAQL65MQ9TE","China","LCD (LED)",136.1,532,4.5,"Analogue/Digital","0.37","0.0","KOGAN",65,1.175,186,115.8,453,"56-65in",4
"KAQL65MQ9T*","China","LCD (LED)",136.1,532,4.5,"Analogue/Digital","0.37","0.0","KOGAN",65,1.175,186,115.8,453,"56-65in",4
"QA65S90FAE","Vietnam","LCD (LED)",145,532,4,"Digital","0.5","0.0","SAMSUNG",65,1.148,186,126.3,463,"56-65in",4
"KD-65X85L","Malaysia","LCD (LED)",144.6,533,4,"Analogue/Digital","0.5","11.2","SONY",65,1.148,187,126,464,"56-65in",4
"XR-65X90L","Malaysia","LCD (LED)",144.3,535,4,"Analogue/Digital","0.5","21.9","SONY",65,1.148,187,125.7,466,"56-65in",4
"QA65S90DAW","Vietnam","LCD (LED)",146,536,4,"Digital","0.5","0.0","SAMSUNG",65,1.148,188,127.2,467,"56-65in",4
"QA65S90DAS","Vietnam","LCD (LED)",146,536,4,"Digital","0.5","0.0","SAMSUNG",65,1.148,188,127.2,467,"56-65in",4
"QA65S90DA*","Vietnam","LCD (LED)",146,536,4,"Digital","0.5","0.0","SAMSUNG",65,1.148,188,127.2,467,"56-65in",4
"OLED65G4PSA","Indonesia,South Korea","OLED",147,539,4,"Analogue/Digital","0.4","0.0","LG",65,1.148,189,128,470,"56-65in",4
"OLED65G46LA","Indonesia,South Korea","OLED",147,539,4,"Analogue/Digital","0.4","0.0","LG",65,1.148,189,128,470,"56-65in",4
"K650UGT","China","LCD (LED)",141.108,540,4,"Analogue/Digital","0.3764","0.3935","EKO",65,1.148,189,122.9,470,"56-65in",4
"QA65Q80DAW","Vietnam","LCD (LED)",147,540,4,"Digital","0.5","0.0","SAMSUNG",65,1.148,189,128,470,"56-65in",4
"QA65Q80DAS","Vietnam","LCD (LED)",147,540,4,"Digital","0.5","0.0","SAMSUNG",65,1.148,189,128,470,"56-65in",4
"QA65Q80DA*","Vietnam","LCD (LED)",147,540,4,"Digital","0.5","0.0","SAMSUNG",65,1.148,189,128,470,"56-65in",4
"K650UAT","China","LCD",147.21,540,4,"Analogue/Digital","0.34","0.0","EKO",65,1.148,189,128.2,470,"56-65in",4
"K650UATW","China","LCD",147.21,540,4,"Analogue/Digital","0.34","0.0","EKO",65,1.148,189,128.2,470,"56-65in",4
"MRA65R85HAS","Vietnam","LCD (LED)",147,540,4,"Digital","0.5","0.0","SAMSUNG",65,1.148,189,128,470,"56-65in",4
"MRA65R85HAW","Vietnam","LCD (LED)",147,540,4,"Digital","0.5","0.0","SAMSUNG",65,1.148,189,128,470,"56-65in",4
"MRA65R85HA*","Vietnam","LCD (LED)",147,540,4,"Digital","0.5","0.0","SAMSUNG",65,1.148,189,128,470,"56-65in",4
"QA65LS03HEW","Vietnam","LCD (LED)",147,540,4,"Digital","0.5","0.0","SAMSUNG",65,1.148,189,128,470,"56-65in",4
"HG65HL03HAW","Vietnam","LCD (LED)",147,540,4,"Digital","0.5","0.0","SAMSUNG",65,1.148,189,128,470,"56-65in",4
"AWS650QW","China","LCD (LED)",134.33,541,4,"Analogue/Digital","0.34","0.49","AIWA",65,1.148,189,117,471,"56-65in",4
"YOKT65Q8","Australia","LCD",148.05,542,4,"Analogue/Digital","","","YOKOHAMA",65,1.148,190,129,472,"56-65in",4
"65UQ91006LA","Indonesia","LCD (LED)",148,543,4,"Analogue/Digital","0.4","0.0","LG",65,1.148,190,128.9,473,"56-65in",4
"65UQ9000PSD","Indonesia","LCD (LED)",148,543,4,"Analogue/Digital","0.4","0.0","LG",65,1.148,190,128.9,473,"56-65in",4
"65UQ901C0SD","Indonesia","LCD (LED)",148,543,4,"Analogue/Digital","0.4","0.0","LG",65,1.148,190,128.9,473,"56-65in",4
"KAQL65W94QA","China,Vietnam","LCD (LED)",134.93,543,4,"Digital","","","KOGAN",65,1.148,190,117.5,473,"56-65in",4
"KD-65X80K","Malaysia","LCD (LED)",147.6,544,4,"Analogue/Digital","0.5","12.0","SONY",65,1.148,190,128.6,474,"56-65in",4
"KD-65X80L","Malaysia","LCD (LED)",147.6,544,4,"Analogue/Digital","0.5","12.0","SONY",65,1.148,190,128.6,474,"56-65in",4
"QA65Q70BAW","Vietnam","LCD (LED)",150,551,4,"Digital","0.5","0.0","SAMSUNG",65,1.148,193,130.7,480,"56-65in",4
"QA65Q70BAS","Vietnam","LCD (LED)",150,551,4,"Digital","0.5","0.0","SAMSUNG",65,1.148,193,130.7,480,"56-65in",4
"QA65Q70BA*","Vietnam","LCD (LED)",150,551,4,"Digital","0.5","0.0","SAMSUNG",65,1.148,193,130.7,480,"56-65in",4
"BP650USG9800","China","LCD",143.934,554,4,"Analogue/Digital","0.354956","0.3576","BLAUPUNKT",65,1.148,194,125.4,483,"56-65in",4
"QA65S95HAW","Vietnam","LCD (LED)",151,554,4,"Digital","0.5","0.0","SAMSUNG",65,1.148,194,131.5,483,"56-65in",4
"QA65S95HAS","Vietnam","LCD (LED)",151,554,4,"Digital","0.5","0.0","SAMSUNG",65,1.148,194,131.5,483,"56-65in",4
"QA65S95HA*","Vietnam","LCD (LED)",151,554,4,"Digital","0.5","0.0","SAMSUNG",65,1.148,194,131.5,483,"56-65in",4
"XR-65X90K","Malaysia","LCD (LED)",149.8,555,4,"Analogue/Digital","0.5","23.1","SONY",65,1.148,194,130.5,483,"56-65in",4
"65U6KAU","China","LCD (LED)",140.56,555,4,"Analogue/Digital","0.306","0.0","HISENSE",65,1.148,194,122.4,483,"56-65in",4
"65U6KNZ","China","LCD (LED)",140.56,555,4,"Analogue/Digital","0.306","0.0","HISENSE",65,1.148,194,122.4,483,"56-65in",4
"65U6K series","China","LCD (LED)",140.56,555,4,"Analogue/Digital","0.306","0.0","HISENSE",65,1.148,194,122.4,483,"56-65in",4
"K-65XR50","Malaysia,China","LCD (LED)",150.7,556,4,"Analogue/Digital","0.5","11.9","SONY",65,1.148,195,131.3,484,"56-65in",4
"65QNED96SQA","Indonesia","LCD (LED)",152,557,4,"Analogue/Digital","0.4","0.0","LG",65,1.148,195,132.4,485,"56-65in",4
"65QNED966QA","Indonesia","LCD (LED)",152,557,4,"Analogue/Digital","0.4","0.0","LG",65,1.148,195,132.4,485,"56-65in",4
"QA65S95FAW","Vietnam","LCD (LED)",152,558,4,"Digital","0.5","0.0","SAMSUNG",65,1.148,195,132.4,486,"56-65in",4
"QA65S95FAS","Vietnam","LCD (LED)",152,558,4,"Digital","0.5","0.0","SAMSUNG",65,1.148,195,132.4,486,"56-65in",4
"QA65S95FA*","Vietnam","LCD (LED)",152,558,4,"Digital","0.5","0.0","SAMSUNG",65,1.148,195,132.4,486,"56-65in",4
"K-65XR90M2","Malaysia,China","LCD (LED)",151.4,559,4,"Analogue/Digital","0.5","15.3","SONY",65,1.148,196,131.9,487,"56-65in",4
"KAQL65W94QB","China,Vietnam","LCD (LED)",150.64,560,4,"Digital","","","KOGAN",65,1.147,196,131.3,488,"56-65in",4
"KAQL65W94QC","China,Vietnam","LCD (LED)",150.64,560,4,"Digital","","","KOGAN",65,1.147,196,131.3,488,"56-65in",4
"KAQL65W94QD","China,Vietnam","LCD (LED)",150.64,560,4,"Digital","","","KOGAN",65,1.147,196,131.3,488,"56-65in",4
"KAQL65W94QE","China,Vietnam","LCD (LED)",150.64,560,4,"Digital","","","KOGAN",65,1.147,196,131.3,488,"56-65in",4
"KAQL65W94QF","China,Vietnam","LCD (LED)",150.64,560,4,"Digital","","","KOGAN",65,1.147,196,131.3,488,"56-65in",4
"QA65Q80CAW","Vietnam","LCD (LED)",153,562,4,"Digital","0.5","0.0","SAMSUNG",65,1.148,197,133.3,490,"56-65in",4
"QA65Q80CAS","Vietnam","LCD (LED)",153,562,4,"Digital","0.5","0.0","SAMSUNG",65,1.148,197,133.3,490,"56-65in",4
"QA65Q80CA*","Vietnam","LCD (LED)",153,562,4,"Digital","0.5","0.0","SAMSUNG",65,1.148,197,133.3,490,"56-65in",4
"QA65S95DAW","Vietnam","LCD (LED)",153,562,4,"Digital","0.5","0.0","SAMSUNG",65,1.148,197,133.3,490,"56-65in",4
"QA65S95DAS","Vietnam","LCD (LED)",153,562,4,"Digital","0.5","0.0","SAMSUNG",65,1.148,197,133.3,490,"56-65in",4
"QA65S95DA*","Vietnam","LCD (LED)",153,562,4,"Digital","0.5","0.0","SAMSUNG",65,1.148,197,133.3,490,"56-65in",4
"QA65LS03FAW","Vietnam","LCD (LED)",153,562,4,"Digital","0.5","0.0","SAMSUNG",65,1.148,197,133.3,490,"56-65in",4
"QA65QN80HAW","Vietnam","LCD (LED)",153,562,4,"Digital","0.5","0.0","SAMSUNG",65,1.148,197,133.3,490,"56-65in",4
"QA65QN80HAS","Vietnam","LCD (LED)",153,562,4,"Digital","0.5","0.0","SAMSUNG",65,1.148,197,133.3,490,"56-65in",4
"QA65QN80HA*","Vietnam","LCD (LED)",153,562,4,"Digital","0.5","0.0","SAMSUNG",65,1.148,197,133.3,490,"56-65in",4
"MRA65R95HAW","Vietnam","LCD (LED)",153,562,4,"Digital","0.5","0.0","SAMSUNG",65,1.148,197,133.3,490,"56-65in",4
"MRA65R95HAS","Vietnam","LCD (LED)",153,562,4,"Digital","0.5","0.0","SAMSUNG",65,1.148,197,133.3,490,"56-65in",4
"MRA65R95HA*","Vietnam","LCD (LED)",153,562,4,"Digital","0.5","0.0","SAMSUNG",65,1.148,197,133.3,490,"56-65in",4
"QA65LS03HWW","Vietnam","LCD (LED)",153,562,4,"Digital","0.5","0.0","SAMSUNG",65,1.148,197,133.3,490,"56-65in",4
"QA65LS03HWS","Vietnam","LCD (LED)",153,562,4,"Digital","0.5","0.0","SAMSUNG",65,1.148,197,133.3,490,"56-65in",4
"QA65LS03HW*","Vietnam","LCD (LED)",153,562,4,"Digital","0.5","0.0","SAMSUNG",65,1.148,197,133.3,490,"56-65in",4
"QA65S90CAW","Vietnam","LCD (LED)",154,565,4,"Digital","0.5","0.0","SAMSUNG",65,1.148,198,134.1,492,"56-65in",4
"QA65S90CAS","Vietnam","LCD (LED)",154,565,4,"Digital","0.5","0.0","SAMSUNG",65,1.148,198,134.1,492,"56-65in",4
"QA65S90CA*","Vietnam","LCD (LED)",154,565,4,"Digital","0.5","0.0","SAMSUNG",65,1.148,198,134.1,492,"56-65in",4
"QA65LS03DAW","Vietnam","LCD (LED)",154,565,4,"Digital","0.5","0.0","SAMSUNG",65,1.148,198,134.1,492,"56-65in",4
"QA65LS03DAS","Vietnam","LCD (LED)",154,565,4,"Digital","0.5","0.0","SAMSUNG",65,1.148,198,134.1,492,"56-65in",4
"QA65LS03DA*","Vietnam","LCD (LED)",154,565,4,"Digital","0.5","0.0","SAMSUNG",65,1.148,198,134.1,492,"56-65in",4
"QA65QN80FAW","Vietnam","LCD (LED)",154,565,4,"Digital","0.5","0.0","SAMSUNG",65,1.148,198,134.1,492,"56-65in",4
"QA65QN80FAS","Vietnam","LCD (LED)",154,565,4,"Digital","0.5","0.0","SAMSUNG",65,1.148,198,134.1,492,"56-65in",4
"QA65QN80FA*","Vietnam","LCD (LED)",154,565,4,"Digital","0.5","0.0","SAMSUNG",65,1.148,198,134.1,492,"56-65in",4
"QA65LS03FWW","Vietnam","LCD (LED)",154,565,4,"Digital","0.5","0.0","SAMSUNG",65,1.148,198,134.1,492,"56-65in",4
"QA65LS03FWS","Vietnam","LCD (LED)",154,565,4,"Digital","0.5","0.0","SAMSUNG",65,1.148,198,134.1,492,"56-65in",4
"QA65LS03FW*","Vietnam","LCD (LED)",154,565,4,"Digital","0.5","0.0","SAMSUNG",65,1.148,198,134.1,492,"56-65in",4
"QA65S95BAW","Mexico","LCD (LED)",155,569,4,"Digital","0.5","0.0","SAMSUNG",65,1.148,199,135,496,"56-65in",4
"QA65S95BAS","Mexico","LCD (LED)",155,569,4,"Digital","0.5","0.0","SAMSUNG",65,1.148,199,135,496,"56-65in",4
"QA65S95BA*","Mexico","LCD (LED)",155,569,4,"Digital","0.5","0.0","SAMSUNG",65,1.148,199,135,496,"56-65in",4
"QA65QN90CAW","Vietnam","LCD (LED)",155,569,4,"Digital","0.5","0.0","SAMSUNG",65,1.148,199,135,496,"56-65in",4
"QA65QN90CAS","Vietnam","LCD (LED)",155,569,4,"Digital","0.5","0.0","SAMSUNG",65,1.148,199,135,496,"56-65in",4
"QA65QN90CA*","Vietnam","LCD (LED)",155,569,4,"Digital","0.5","0.0","SAMSUNG",65,1.148,199,135,496,"56-65in",4
"QA65QN95CAW","Vietnam","LCD (LED)",155,569,4,"Digital","0.5","0.0","SAMSUNG",65,1.148,199,135,496,"56-65in",4
"QA65QN95CAS","Vietnam","LCD (LED)",155,569,4,"Digital","0.5","0.0","SAMSUNG",65,1.148,199,135,496,"56-65in",4
"QA65QN95CA*","Vietnam","LCD (LED)",155,569,4,"Digital","0.5","0.0","SAMSUNG",65,1.148,199,135,496,"56-65in",4
"QA65S95CAW","Vietnam","LCD (LED)",155,569,4,"Digital","0.5","0.0","SAMSUNG",65,1.148,199,135,496,"56-65in",4
"QA65S95CAS","Vietnam","LCD (LED)",155,569,4,"Digital","0.5","0.0","SAMSUNG",65,1.148,199,135,496,"56-65in",4
"QA65S95CA*","Vietnam","LCD (LED)",155,569,4,"Digital","0.5","0.0","SAMSUNG",65,1.148,199,135,496,"56-65in",4
"65UXAU","China","LCD (LED)",137.97,569,4,"Analogue/Digital","0.38","0.0","HISENSE",65,1.148,199,120.2,496,"56-65in",4
"KAQLED65XQ9610STA","China","LCD",156,572,4,"Analogue/Digital","0.43","0.0","KOGAN",64,1.147,200,136,499,"56-65in",4
"KAQLED65XQ9610STB","China","LCD (LED)",156,572,4,"Analogue/Digital","0.43","0.0","KOGAN",64,1.147,200,136,499,"56-65in",4
"65PUT8808/79","China","LCD (LED)",142.4,574,4,"Analogue/Digital","0.38","0.0","PHILIPS",65,1.148,201,124,500,"56-65in",4
"65PUT8808/75","China","LCD (LED)",142.4,574,4,"Analogue/Digital","0.38","0.0","PHILIPS",65,1.148,201,124,500,"56-65in",4
"H65UHDMLDGTV","China","LCD (LED)",149.6,576,4,"Analogue/Digital","0.4","0.0","HYUNDAI",64,1.147,202,130.4,502,"56-65in",4
"KAQLED65XQ98JSTA","China","LCD (LED)",158,579,4,"Analogue/Digital","0.45","0.0","KOGAN",64,1.147,203,137.8,505,"56-65in",4
"KAQLED65XQ98JSTB","China","LCD (LED)",158,579,4,"Analogue/Digital","0.45","0.0","KOGAN",64,1.147,203,137.8,505,"56-65in",4
"KAQLED65XQ98JSTC","China","LCD (LED)",158,579,4,"Analogue/Digital","0.45","0.0","KOGAN",64,1.147,203,137.8,505,"56-65in",4
"KAQLED65XQ98JSTD","China","LCD (LED)",158,579,4,"Analogue/Digital","0.45","0.0","KOGAN",64,1.147,203,137.8,505,"56-65in",4
"U65QM8VG","China","LCD (LED)",158,579,4,"unknown","0.45","0.0","CHIQ",64,1.147,203,137.8,505,"56-65in",4
"KAQL65MQ9ZTA","China","LCD (LED)",147.3,579,4,"Analogue/Digital","0.4","0.0","KOGAN",65,1.148,203,128.3,504,"56-65in",4
"KAQL65MQ9ZTB","China","LCD (LED)",147.3,579,4,"Analogue/Digital","0.4","0.0","KOGAN",65,1.148,203,128.3,504,"56-65in",4
"KAQL65MQ9ZTC","China","LCD (LED)",147.3,579,4,"Analogue/Digital","0.4","0.0","KOGAN",65,1.148,203,128.3,504,"56-65in",4
"KAQL65MQ9ZTD","China","LCD (LED)",147.3,579,4,"Analogue/Digital","0.4","0.0","KOGAN",65,1.148,203,128.3,504,"56-65in",4
"KAQL65MQ9ZTE","China","LCD (LED)",147.3,579,4,"Analogue/Digital","0.4","0.0","KOGAN",65,1.148,203,128.3,504,"56-65in",4
"KAQL65MQ9ZT*","China","LCD (LED)",147.3,579,4,"Analogue/Digital","0.4","0.0","KOGAN",65,1.148,203,128.3,504,"56-65in",4
"QA65LS03BAW","Vietnam","LCD (LED)",158,580,4,"Digital","0.5","0.0","SAMSUNG",65,1.148,203,137.6,505,"56-65in",4
"QA65LS03BAS","Vietnam","LCD (LED)",158,580,4,"Digital","0.5","0.0","SAMSUNG",65,1.148,203,137.6,505,"56-65in",4
"QA65LS03BA*","Vietnam","LCD (LED)",158,580,4,"Digital","0.5","0.0","SAMSUNG",65,1.148,203,137.6,505,"56-65in",4
"QA65QN85BAW","Vietnam","LCD (LED)",158,580,4,"Digital","0.5","0.0","SAMSUNG",65,1.148,203,137.6,505,"56-65in",4
"QA65QN85BAS","Vietnam","LCD (LED)",158,580,4,"Digital","0.5","0.0","SAMSUNG",65,1.148,203,137.6,505,"56-65in",4
"QA65QN85BA*","Vietnam","LCD (LED)",158,580,4,"Digital","0.5","0.0","SAMSUNG",65,1.148,203,137.6,505,"56-65in",4
"KALED65T96QA","China,Vietnam","LCD (LED)",147.44,580,4,"Digital","","","KOGAN",65,1.148,203,128.4,505,"56-65in",4
"KALED65T96QB","China,Vietnam","LCD (LED)",147.44,580,4,"Digital","","","KOGAN",65,1.148,203,128.4,505,"56-65in",4
"KALED65T96QC","China,Vietnam","LCD (LED)",147.44,580,4,"Digital","","","KOGAN",65,1.148,203,128.4,505,"56-65in",4
"KAQL65T96QA","China,Vietnam","LCD (LED)",147.44,580,4,"Digital","","","KOGAN",65,1.148,203,128.4,505,"56-65in",4
"KAQL65T96QB","China,Vietnam","LCD (LED)",147.44,580,4,"Digital","","","KOGAN",65,1.148,203,128.4,505,"56-65in",4
"KAQL65T96QC","China,Vietnam","LCD (LED)",147.44,580,4,"Digital","","","KOGAN",65,1.148,203,128.4,505,"56-65in",4
"BP650USG98","China","LCD",94.65,580,4,"Analogue/Digital","0.354","0.0","BLAUPUNKT",64,1.147,203,82.5,506,"56-65in",4
"K650UGT**","China","LCD",94.65,580,4,"Analogue/Digital","0.354","0.0","EKO",64,1.147,203,82.5,506,"56-65in",4
"K650UGT2Q","China","LCD",94.65,580,4,"Analogue/Digital","0.354","0.0","EKO",64,1.147,203,82.5,506,"56-65in",4
"K65USW2","China","LCD (LED)",154.08,581,4,"Analogue/Digital","","","EKO",65,1.148,203,134.2,506,"56-65in",4
"65"" Patio Pro","China","LCD",158.28,582,4,"Analogue/Digital","","","SPARK ELECTRONICS",65,1.148,204,137.9,507,"56-65in",4
"65"" Patio","China","LCD",158.28,582,4,"Analogue/Digital","","","SPARK ELECTRONICS",65,1.148,204,137.9,507,"56-65in",4
"65"" Pavilion 2 Pro","China","LCD",158.28,582,4,"Analogue/Digital","","","SPARK ELECTRONICS",65,1.148,204,137.9,507,"56-65in",4
"65"" Pavilion 2","China","LCD",158.28,582,4,"Analogue/Digital","","","SPARK ELECTRONICS",65,1.148,204,137.9,507,"56-65in",4
"KAOLED65X2SKA","China,Indonesia","OLED",113.4,586,4,"Analogue/Digital","0.393","0.393","KOGAN",65,1.155,205,98.2,507,"56-65in",4
"OLED65M46LA","Indonesia,South Korea","OLED",172,630,3.5,"Analogue/Digital","0.4","0.0","LG",65,1.148,220,149.8,549,"56-65in",4
"K-65XR70","Malaysia,Vietnam","LCD (LED)",171.9,634,3.5,"Analogue/Digital","0.5","14.5","SONY",65,1.148,222,149.7,552,"56-65in",4
"KAQL65XQ98GSVA","China","LCD (LED)",157.32,634,3.5,"Analogue/Digital","","","KOGAN",64,1.147,222,137.2,553,"56-65in",4
"KAQL65XQ98GSVB","China","LCD (LED)",157.32,634,3.5,"Analogue/Digital","","","KOGAN",64,1.147,222,137.2,553,"56-65in",4
"KAQL65XQ98GSVC","China","LCD (LED)",157.32,634,3.5,"Analogue/Digital","","","KOGAN",64,1.147,222,137.2,553,"56-65in",4
"KAQL65XQ98****","China","LCD (LED)",157.32,634,3.5,"Analogue/Digital","","","KOGAN",64,1.147,222,137.2,553,"56-65in",4
"65U8HAU","China","LCD (LED)",159.55,638,3.5,"Analogue/Digital","0.305","0.0","HISENSE",65,1.148,223,139,556,"56-65in",4
"65U8HNZ","China","LCD (LED)",159.55,638,3.5,"Analogue/Digital","0.305","0.0","HISENSE",65,1.148,223,139,556,"56-65in",4
"65U8H series","China","LCD (LED)",159.55,638,3.5,"Analogue/Digital","0.305","0.0","HISENSE",65,1.148,223,139,556,"56-65in",4
"65Z870NP","China","LCD (LED)",157.4,639,3.5,"Analogue/Digital","0.33","0.0","TOSHIBA",65,1.148,224,137.1,557,"56-65in",4
"65U8NAU","China","LCD (LED)",151.8,639,3.5,"Analogue/Digital","0.35","0.0","HISENSE",65,1.148,224,132.2,557,"56-65in",4
"65U8NNZ","China","LCD (LED)",151.8,639,3.5,"Analogue/Digital","0.35","0.0","HISENSE",65,1.148,224,132.2,557,"56-65in",4
"65U8N Series","China","LCD (LED)",151.8,639,3.5,"Analogue/Digital","0.35","0.0","HISENSE",65,1.148,224,132.2,557,"56-65in",4
"AV-A657155A","China","LCD (LED)",156.42,640,3.5,"Analogue/Digital","","","JVC",64,1.147,224,136.4,558,"56-65in",4
"AV-J657155A","China","LCD (LED)",156.42,640,3.5,"Analogue/Digital","","","JVC",64,1.147,224,136.4,558,"56-65in",4
"LT-65N7165A","China","LCD (LED)",156.42,640,3.5,"Analogue/Digital","","","JVC",64,1.147,224,136.4,558,"56-65in",4
"AV-A657155A series","China","LCD (LED)",156.42,640,3.5,"Analogue/Digital","","","JVC",64,1.147,224,136.4,558,"56-65in",4
"BP650USG60100","China","LCD",157.044,640,3.5,"Analogue/Digital","0.307","0.307","BLAUPUNKT",65,1.149,224,136.7,557,"56-65in",4
"65PML8969/98","China","LCD (LED)",168,645,3.5,"Analogue/Digital","","","PHILIPS",65,1.148,226,146.3,562,"56-65in",4
"65U9G","China","LCD (LED)",152.07,649,3.5,"Analogue/Digital","0.33","0.0","HISENSE",65,1.148,227,132.5,565,"56-65in",4
"65U9HAU","China","LCD (LED)",168.67,649,3.5,"Analogue/Digital","0.387","0.0","HISENSE",65,1.148,227,146.9,565,"56-65in",4
"KAQL65T97QA","China,Vietnam","LCD",162.79,651,3.5,"Digital","","","KOGAN",65,1.148,228,141.8,567,"56-65in",4
"KAQL65T97QB","China,Vietnam","LCD",162.79,651,3.5,"Digital","","","KOGAN",65,1.148,228,141.8,567,"56-65in",4
"KAQL65T97QC","China,Vietnam","LCD",162.79,651,3.5,"Digital","","","KOGAN",65,1.148,228,141.8,567,"56-65in",4
"KAQL65T97QD","China,Vietnam","LCD",162.79,651,3.5,"Digital","","","KOGAN",65,1.148,228,141.8,567,"56-65in",4
"KAQL65T97Q*","China,Vietnam","LCD",162.79,651,3.5,"Digital","","","KOGAN",65,1.148,228,141.8,567,"56-65in",4
"KD-65X85K","Malaysia","LCD (LED)",179.5,661,3,"Analogue/Digital","0.5","12.8","SONY",65,1.148,231,156.4,576,"56-65in",3
"65QNED93ASA","China","LCD (LED)",159.1,678,3,"Analogue/Digital","0.33","0.34","LG",65,1.148,237,138.6,591,"56-65in",3
"65QNED93A6A","China","LCD (LED)",159.1,678,3,"Analogue/Digital","0.33","0.34","LG",65,1.148,237,138.6,591,"56-65in",3
"65QNED92A6A","China","LCD (LED)",159.1,678,3,"Analogue/Digital","0.33","0.34","LG",65,1.148,237,138.6,591,"56-65in",3
"65QNED92ASA","China","LCD (LED)",159.1,678,3,"Analogue/Digital","0.33","0.34","LG",65,1.148,237,138.6,591,"56-65in",3
"65QNED92AUA","China","LCD (LED)",159.1,678,3,"Analogue/Digital","0.33","0.34","LG",65,1.148,237,138.6,591,"56-65in",3
"65QNED93AKA","China","LCD (LED)",159.1,678,3,"Analogue/Digital","0.33","0.34","LG",65,1.148,237,138.6,591,"56-65in",3
"65QNED9#### (# can be A-Z, 0-9 or ""-"" or ""."" or blank)","China","LCD (LED)",159.1,678,3,"Analogue/Digital","0.33","0.34","LG",65,1.148,237,138.6,591,"56-65in",3
"65C935","China","LCD (LED)",171.2,689,3,"Analogue/Digital","0.299","0.0","TCL",64,1.147,241,149.3,601,"56-65in",3
"KAQL65Q97TA","China","LCD (LED)",180.8,696,3,"Analogue/Digital","0.3","0.0","KOGAN",65,1.148,244,157.5,606,"56-65in",3
"KAQL65Q97TB","China","LCD (LED)",180.8,696,3,"Analogue/Digital","0.3","0.0","KOGAN",65,1.148,244,157.5,606,"56-65in",3
"KAQL65Q97TC","China","LCD (LED)",180.8,696,3,"Analogue/Digital","0.3","0.0","KOGAN",65,1.148,244,157.5,606,"56-65in",3
"KAQL65Q97TD","China","LCD (LED)",180.8,696,3,"Analogue/Digital","0.3","0.0","KOGAN",65,1.148,244,157.5,606,"56-65in",3
"KAQL65Q97TE","China","LCD (LED)",180.8,696,3,"Analogue/Digital","0.3","0.0","KOGAN",65,1.148,244,157.5,606,"56-65in",3
"KAQL65Q97T*","China","LCD (LED)",180.8,696,3,"Analogue/Digital","0.3","0.0","KOGAN",65,1.148,244,157.5,606,"56-65in",3
"QA65QN700CS","Vietnam","LCD (LED)",190,697,3,"Digital","0.5","0.0","SAMSUNG",65,1.148,244,165.5,607,"56-65in",3
"65C855","China","LCD (LED)",176.1,716,3,"Analogue/Digital","0.347","0.0","TCL",64,1.147,251,153.5,624,"56-65in",3
"65PQT9020/79","China","LCD (LED)",175.9,722,3,"Analogue/Digital","","","PHILIPS",65,1.148,253,153.2,629,"56-65in",3
"65PML9506/79","China","LCD (LED)",180,725,3,"Analogue/Digital","0.28","0.0","PHILIPS",65,1.148,254,156.8,632,"56-65in",3
"65PML9506/75","China","LCD (LED)",180,725,3,"Analogue/Digital","0.28","0.0","PHILIPS",65,1.148,254,156.8,632,"56-65in",3
"K65DVAQ","China","LCD",198,725,3,"Analogue/Digital","0.367","0.367","EKO",64,1.143,254,173.2,634,"56-65in",3
"QA65QN90BAW","Vietnam","LCD (LED)",203,744,2.5,"Digital","0.5","0.0","SAMSUNG",65,1.148,260,176.8,648,"56-65in",2
"QA65QN90BAS","Vietnam","LCD (LED)",203,744,2.5,"Digital","0.5","0.0","SAMSUNG",65,1.148,260,176.8,648,"56-65in",2
"QA65QN90BA*","Vietnam","LCD (LED)",203,744,2.5,"Digital","0.5","0.0","SAMSUNG",65,1.148,260,176.8,648,"56-65in",2
"QA65Q95TDW","Vietnam","LCD (LED)",205,751,2.5,"Digital","0.5","0.0","SAMSUNG",65,1.148,263,178.6,654,"56-65in",2
"QA65Q95TDS","Vietnam","LCD (LED)",205,751,2.5,"Digital","0.5","0.0","SAMSUNG",65,1.148,263,178.6,654,"56-65in",2
"QA65Q80BAW","Vietnam","LCD (LED)",206,755,2.5,"Digital","0.5","0.0","SAMSUNG",65,1.148,264,179.4,658,"56-65in",2
"QA65Q80BAS","Vietnam","LCD (LED)",206,755,2.5,"Digital","0.5","0.0","SAMSUNG",65,1.148,264,179.4,658,"56-65in",2
"QA65Q80BA*","Vietnam","LCD (LED)",206,755,2.5,"Digital","0.5","0.0","SAMSUNG",65,1.148,264,179.4,658,"56-65in",2
"65QNED99SQB","Indonesia","LCD (LED)",212,776,2.5,"Analogue/Digital","0.4","0.0","LG",65,1.148,272,184.7,676,"56-65in",2
"65QNED996QB","Indonesia","LCD (LED)",212,776,2.5,"Analogue/Digital","0.4","0.0","LG",65,1.148,272,184.7,676,"56-65in",2
"QA65QN95BAW","Vietnam","LCD (LED)",213,781,2.5,"Digital","0.5","0.0","SAMSUNG",65,1.148,273,185.5,680,"56-65in",2
"QA65QN95BAS","Vietnam","LCD (LED)",213,781,2.5,"Digital","0.5","0.0","SAMSUNG",65,1.148,273,185.5,680,"56-65in",2
"QA65QN95BA*","Vietnam","LCD (LED)",213,781,2.5,"Digital","0.5","0.0","SAMSUNG",65,1.148,273,185.5,680,"56-65in",2
"XR-65X95L","Malaysia","LCD (LED)",214.8,793,2.5,"Analogue/Digital","0.5","26.9","SONY",65,1.148,278,187.1,691,"56-65in",2
"KAQL65XQ98GSTA","China","LCD (LED)",195.5,809,2.5,"Analogue/Digital","0.4","0.4","KOGAN",64,1.147,283,170.4,705,"56-65in",2
"KAQL65XQ98GSTB","China","LCD (LED)",195.5,809,2.5,"Analogue/Digital","0.4","0.4","KOGAN",64,1.147,283,170.4,705,"56-65in",2
"KAQL65XQ98GSTC","China","LCD (LED)",195.5,809,2.5,"Analogue/Digital","0.4","0.4","KOGAN",64,1.147,283,170.4,705,"56-65in",2
"KAQL65XQ98GSTD","China","LCD (LED)",195.5,809,2.5,"Analogue/Digital","0.4","0.4","KOGAN",64,1.147,283,170.4,705,"56-65in",2
"KAQL65XQ98GSTE","China","LCD (LED)",195.5,809,2.5,"Analogue/Digital","0.4","0.4","KOGAN",64,1.147,283,170.4,705,"56-65in",2
"KAQL65XQ98GST*","China","LCD (LED)",195.5,809,2.5,"Analogue/Digital","0.4","0.4","KOGAN",64,1.147,283,170.4,705,"56-65in",2
"KAQL65MQXTA","China","LCD (LED)",208.5,810,2.5,"Analogue/Digital","0.357","0.0","KOGAN",65,1.148,284,181.6,706,"56-65in",2
"KAQL65MQXTB","China","LCD (LED)",197.274,810,2.5,"Analogue/Digital","0.589","0.0","KOGAN",65,1.148,284,171.8,706,"56-65in",2
"KAQL65MQXTC","China","LCD (LED)",197.274,810,2.5,"Analogue/Digital","0.589","0.0","KOGAN",65,1.148,284,171.8,706,"56-65in",2
"KAQL65MQXTD","China","LCD (LED)",197.274,810,2.5,"Analogue/Digital","0.589","0.0","KOGAN",65,1.148,284,171.8,706,"56-65in",2
"KAQL65MQXT*","China","LCD (LED)",197.274,810,2.5,"Analogue/Digital","0.589","0.0","KOGAN",65,1.148,284,171.8,706,"56-65in",2
"XR-65X95K","Malaysia","LCD (LED)",226,835,2,"Analogue/Digital","0.5","32.0","SONY",65,1.148,292,196.9,727,"56-65in",2
"BP650USG9900","China","LCD",234.49,858,2,"Analogue/Digital","0.4","0.0","BLAUPUNKT",65,1.147,300,204.4,748,"56-65in",2
"K650USGQ2","China","LCD",234.49,858,2,"Analogue/Digital","0.4","0.0","EKO",65,1.147,300,204.4,748,"56-65in",2
"K650UGTQ","China","LCD",234.49,858,2,"Analogue/Digital","0.4","0.0","EKO",65,1.147,300,204.4,748,"56-65in",2
"65"" Lumin","China","LCD",240.9,890,2,"Analogue/Digital","","","SPARK ELECTRONICS",64,1.143,312,210.8,779,"56-65in",2
"QA65QN700BW","Vietnam","LCD (LED)",245,897,2,"Digital","0.5","0.0","SAMSUNG",65,1.148,314,213.4,781,"56-65in",2
"QA65QN700BS","Vietnam","LCD (LED)",245,897,2,"Digital","0.5","0.0","SAMSUNG",65,1.148,314,213.4,781,"56-65in",2
"QA65QN700B*","Vietnam","LCD (LED)",245,897,2,"Digital","0.5","0.0","SAMSUNG",65,1.148,314,213.4,781,"56-65in",2
"OT65A2KEGC","China","LCD (LED)",237.1,902,2,"Analogue/Digital","0.47","13.6","SYLVOX",65,1.148,316,206.5,786,"56-65in",2
"QA65QN900FW","Vietnam","LCD (LED)",248,908,2,"Digital","0.5","0.0","SAMSUNG",65,1.148,318,216,791,"56-65in",2
"QA65QN900FS","Vietnam","LCD (LED)",248,908,2,"Digital","0.5","0.0","SAMSUNG",65,1.148,318,216,791,"56-65in",2
"QA65QN900F*","Vietnam","LCD (LED)",248,908,2,"Digital","0.5","0.0","SAMSUNG",65,1.148,318,216,791,"56-65in",2
"QA65QN900DW","Vietnam","LCD (LED)",260,952,1.5,"Digital","0.5","0.0","SAMSUNG",65,1.148,333,226.5,829,"56-65in",2
"QA65QN900DS","Vietnam","LCD (LED)",260,952,1.5,"Digital","0.5","0.0","SAMSUNG",65,1.148,333,226.5,829,"56-65in",2
"QA65QN900D*","Vietnam","LCD (LED)",260,952,1.5,"Digital","0.5","0.0","SAMSUNG",65,1.148,333,226.5,829,"56-65in",2
"QA65LST7DAW","Mexico","LCD (LED)",260,952,1.5,"Digital","0.5","0.0","SAMSUNG",65,1.148,333,226.5,829,"56-65in",2
"QA65LST7DAS","Mexico","LCD (LED)",260,952,1.5,"Digital","0.5","0.0","SAMSUNG",65,1.148,333,226.5,829,"56-65in",2
"QA65LST7DA*","Mexico","LCD (LED)",260,952,1.5,"Digital","0.5","0.0","SAMSUNG",65,1.148,333,226.5,829,"56-65in",2
"QA65QN800DW","Vietnam","LCD (LED)",262,959,1.5,"Digital","0.5","0.0","SAMSUNG",65,1.148,336,228.2,835,"56-65in",2
"QA65QN800DS","Vietnam","LCD (LED)",262,959,1.5,"Digital","0.5","0.0","SAMSUNG",65,1.148,336,228.2,835,"56-65in",2
"QA65QN800D*","Vietnam","LCD (LED)",262,959,1.5,"Digital","0.5","0.0","SAMSUNG",65,1.148,336,228.2,835,"56-65in",2
"QA65QN800CW","Vietnam","LCD (LED)",263,963,1.5,"Digital","0.5","0.0","SAMSUNG",65,1.148,337,229.1,839,"56-65in",2
"QA65QN800CS","Vietnam","LCD (LED)",263,963,1.5,"Digital","0.5","0.0","SAMSUNG",65,1.148,337,229.1,839,"56-65in",2
"QA65QN800C*","Vietnam","LCD (LED)",263,963,1.5,"Digital","0.5","0.0","SAMSUNG",65,1.148,337,229.1,839,"56-65in",2
"QA65LST7TAW","Mexico","LCD (LED)",271,992,1.5,"Digital","0.5","0.0","SAMSUNG",64,1.147,347,236.3,865,"56-65in",2
"QA65QN900CW","Vietnam","LCD (LED)",280,1025,1,"Digital","0.5","0.0","SAMSUNG",65,1.148,359,243.9,893,"56-65in",1
"QA65QN900CS","Vietnam","LCD (LED)",280,1025,1,"Digital","0.5","0.0","SAMSUNG",65,1.148,359,243.9,893,"56-65in",1
"QA65QN900C*","Vietnam","LCD (LED)",280,1025,1,"Digital","0.5","0.0","SAMSUNG",65,1.148,359,243.9,893,"56-65in",1
"QA65QN990FW","Vietnam","LCD (LED)",282,1032,1,"Digital","0.5","0.0","SAMSUNG",65,1.148,361,245.6,899,"56-65in",1
"QA65QN990FS","Vietnam","LCD (LED)",282,1032,1,"Digital","0.5","0.0","SAMSUNG",65,1.148,361,245.6,899,"56-65in",1
"QA65QN990F*","Vietnam","LCD (LED)",282,1032,1,"Digital","0.5","0.0","SAMSUNG",65,1.148,361,245.6,899,"56-65in",1
"QA65QN800BW","Vietnam","LCD (LED)",306,1120,1,"Digital","0.5","0.0","SAMSUNG",65,1.148,392,266.6,976,"56-65in",1
"QA65QN800BS","Vietnam","LCD (LED)",306,1120,1,"Digital","0.5","0.0","SAMSUNG",65,1.148,392,266.6,976,"56-65in",1
"QA65QN800B*","Vietnam","LCD (LED)",306,1120,1,"Digital","0.5","0.0","SAMSUNG",65,1.148,392,266.6,976,"56-65in",1
"QA65QN900BW","Vietnam","LCD (LED)",310,1135,1,"Digital","0.5","0.0","SAMSUNG",65,1.148,397,270,989,"56-65in",1
"QA65QN900BS","Vietnam","LCD (LED)",310,1135,1,"Digital","0.5","0.0","SAMSUNG",65,1.148,397,270,989,"56-65in",1
"QA65QN900B*","Vietnam","LCD (LED)",310,1135,1,"Digital","0.5","0.0","SAMSUNG",65,1.148,397,270,989,"56-65in",1
