Brand,models,kwh_median,median_inches,kwh_per_m2_median,star_median
LINSAR,37,316.0,60.0,314.0,6.0
FFALCON,28,204.5,49.0,317.0,6.0
SYLVOX,140,265.0,55.0,322.5,6.0
BAUHN,64,227.0,50.0,328.0,6.0
SKYWORTH,31,280.0,55.0,329.0,6.0
TOSHIBA,66,379.0,65.0,338.0,5.5
CAIXUN,43,138.0,38.0,354.0,6.0
HISENSE,330,489.0,65.0,362.0,5.5
LOEWE,26,266.0,52.0,363.5,5.5
TCL,83,511.0,75.0,390.0,5.0
AIWA,57,210.0,49.0,394.0,5.5
LG,722,422.0,65.0,395.0,5.0
JVC,108,250.0,54.0,401.0,5.0
PHILIPS,116,384.0,55.0,418.5,5.0
CHIQ,43,295.0,55.0,425.0,5.0
EMETE,55,650.0,75.0,425.0,4.5
SAMSUNG,1193,499.0,65.0,438.0,4.5
KOGAN,808,382.0,55.0,445.0,5.0
SONY,102,524.5,65.0,459.5,4.5
EKO,101,330.0,55.0,464.0,5.0
BLAUPUNKT,73,302.0,50.0,478.0,5.0
SPARK ELECTRONICS,25,582.0,65.0,571.0,3.5
