Brand,model,screen_tech,inches,watts_on,kwh_year,cost_aud_year,star_rating,watts_per_m2
LG,65UJ660H5LD,LCD (LED),65,50.0,185.0,65.0,9.0,43.6
LG,65UJ760H5SD,LCD (LED),65,54.0,200.0,70.0,8.0,47.0
LG,65UM662H0LC,LCD (LED),65,56.0,207.0,72.0,8.0,48.8
LG,65UM662H4LC,LCD (LED),65,56.0,207.0,72.0,8.0,48.8
LG,65UM767H0LD,LCD (LED),65,65.0,240.0,84.0,7.0,56.6
HUBBL,LT065A-04-FXTL,LCD (LED),65,64.71,240.0,84.0,7.0,56.4
LG,65UK660H0LA,LCD (LED),65,67.0,247.0,86.0,7.0,58.4
LG,65UK767H0LB,LCD (LED),65,69.0,254.0,89.0,7.0,60.1
LG,65UK767H5LB,LCD (LED),65,69.0,254.0,89.0,7.0,60.1
HISENSE,65Q6SAU,LCD (LED),65,69.23,288.0,101.0,7.0,60.3
HISENSE,65Q6S series,LCD (LED),65,69.23,288.0,101.0,7.0,60.3
HISENSE,65Q6SNZ,LCD (LED),65,69.23,288.0,101.0,7.0,60.3
JVC,LT-65NQ7165A,LCD (LED),64,66.42,298.0,104.0,6.0,58.2
FFALCON,FF65U65A,LCD (LED),64,56.2,300.0,105.0,6.0,49.0
COOCAA,65X66CH,LCD (LED),65,79.1,310.0,108.0,6.0,68.9
SKYWORTH,65X66H,LCD (LED),65,79.1,310.0,108.0,6.0,68.9
SKYWORTH,65X6600H,LCD (LED),65,79.1,310.0,108.0,6.0,68.9
COOCAA,65X66CH-A,LCD (LED),65,79.1,310.0,108.0,6.0,68.9
SKYWORTH,65X66CH,LCD (LED),65,79.1,310.0,108.0,6.0,68.9
SKYWORTH,65V75,LCD (LED),65,79.1,310.0,108.0,6.0,68.9
SKYWORTH,65X series,LCD (LED),65,79.1,310.0,108.0,6.0,68.9
LOEWE,Stella 65 DR+,OLED,65,85.0,313.0,110.0,6.0,74.0
SAMSUNG,QA65Q60DAS,LCD (LED),65,86.0,317.0,111.0,6.0,74.9
SAMSUNG,QA65Q65DAS,LCD (LED),65,86.0,317.0,111.0,6.0,74.9
SAMSUNG,QA65Q65DAW,LCD (LED),65,86.0,317.0,111.0,6.0,74.9
SAMSUNG,QA65Q6*DA*,LCD (LED),65,86.0,317.0,111.0,6.0,74.9
SAMSUNG,QA65Q60DAW,LCD (LED),65,86.0,317.0,111.0,6.0,74.9
TCL,65G60K-IU,LCD (LED),64,77.1,320.0,112.0,6.0,67.2
FFALCON,FF65U65,LCD (LED),64,77.1,320.0,112.0,6.0,67.2
TCL,65P7K,LCD (LED),64,75.0,320.0,112.0,6.0,65.4
LG,65AN960H0SD,OLED,65,87.0,320.0,112.0,6.0,75.8
TOSHIBA,65C350,LCD (LED),65,81.08,321.0,112.0,6.0,70.6
TOSHIBA,65C350RP,LCD (LED),65,81.08,321.0,112.0,6.0,70.6
TOSHIBA,65C350SP,LCD (LED),65,81.08,321.0,112.0,6.0,70.6
FFALCON,FF65U63,LCD (LED),64,73.5,327.0,114.0,6.0,64.1
COOCAA,65G6500H,LCD (LED),65,83.6,330.0,116.0,6.0,72.8
TOSHIBA,65C350LP,LCD (LED),65,82.49,333.0,117.0,6.0,71.9
TOSHIBA,65C350MP,LCD (LED),65,82.49,333.0,117.0,6.0,71.9
PHILIPS,65HFL7025/97,LCD (LED),65,76.6,337.0,118.0,6.0,66.7
LG,65NU805BPSB,LCD,65,92.0,338.0,118.0,6.0,80.1
LINSAR,LS65QLDVTV,LCD,65,83.67,338.0,118.0,6.0,72.9
SYLVOX,OQ65A2KOGF,LCD,65,90.0792,340.0,119.0,6.0,78.5
SYLVOX,OT65B3K5GD,LCD,65,90.1488,340.0,119.0,6.0,78.5
SYLVOX,OT65A2KEGE,LCD,65,90.0792,340.0,119.0,6.0,78.5
SYLVOX,OQ65A7K5GF,LCD,65,90.0792,340.0,119.0,6.0,78.5
SYLVOX,OT65A2KOGF,LCD,65,90.0792,340.0,119.0,6.0,78.5
AIWA,AWS650QWG,LCD (LED),65,92.39,340.0,119.0,6.0,80.5
SYLVOX,OQ65A2KEGE,LCD,65,90.0792,340.0,119.0,6.0,78.5
SYLVOX,OQ65BЗKЗGD,LCD,65,90.1488,340.0,119.0,6.0,78.5
SYLVOX,OT65A7K5GD,LCD,65,90.1488,340.0,119.0,6.0,78.5
SYLVOX,O*65**K*G*,LCD,65,90.0792,340.0,119.0,6.0,78.5
SYLVOX,OQ65A2K3GF,LCD,65,90.0792,340.0,119.0,6.0,78.5
SYLVOX,OQ65B3K5GD,LCD,65,90.1488,340.0,119.0,6.0,78.5
SYLVOX,OT65BЗKЗGD,LCD,65,90.1488,340.0,119.0,6.0,78.5
SYLVOX,OT65A2K3GF,LCD,65,90.0792,340.0,119.0,6.0,78.5
SYLVOX,OT65B2K5GF,LCD,65,90.0792,340.0,119.0,6.0,78.5
SYLVOX,OT65A2K3GD,LCD,65,90.1488,340.0,119.0,6.0,78.5
SONIQ,G65UV50A,LCD,65,92.076,340.0,119.0,6.0,80.2
SYLVOX,OT65A7K5GF,LCD,65,90.0792,340.0,119.0,6.0,78.5
SYLVOX,OQ65A2KOGD,LCD,65,90.1488,340.0,119.0,6.0,78.5
SYLVOX,OT65A2KOGD,LCD,65,90.1488,340.0,119.0,6.0,78.5
SYLVOX,OQ65A7K5GD,LCD,65,90.1488,340.0,119.0,6.0,78.5
SYLVOX,OQ65A2KEGC,LCD,65,90.1488,340.0,119.0,6.0,78.5
LINSAR,LS65UHDZEN25S,LCD (LED),65,94.374,347.0,121.0,6.0,82.2
AKAI,AK65UHDZEN,LCD (LED),65,94.374,347.0,121.0,6.0,82.2
FFALCON,FF65U64,LCD (LED),64,77.6,350.0,122.0,6.0,67.7
SYLVOX,OQ65A3K8HG,LCD,65,93.012,350.0,122.0,6.0,81.0
SAMSUNG,HG65U700FAW,LCD (LED),65,95.0,350.0,122.0,6.0,82.8
MONSTER,MT65QLDZEN,LCD,65,95.8,352.0,123.0,6.0,83.4
LINSAR,LS65UHDNF23,LCD (LED),65,95.92,352.0,123.0,6.0,82.8
XIAOMI,L65MC-SAU,LCD (LED),65,78.8,355.0,124.0,6.0,68.6
BAUHN,ATV65UHDW-1125,LCD,65,94.374,357.0,125.0,6.0,82.2
AIWA,AWS650WG,LCD (LED),65,97.1,357.0,125.0,6.0,84.6
KODAK,KD65G11,LCD,64,94.65,358.0,125.0,6.0,83.0
HISENSE,65S7S,LCD (LED),65,88.52,359.0,126.0,6.0,77.1
HISENSE,65S7SNZ,LCD (LED),65,88.52,359.0,126.0,6.0,77.1
HISENSE,65S7SAU,LCD (LED),65,88.52,359.0,126.0,6.0,77.1
BAUHN,ATV65UHDT-0123,LCD (LED),65,96.3,360.0,126.0,6.0,83.9
LINSAR,LS65UHDZEN,LCD,65,96.3,360.0,126.0,6.0,83.9
LG,65QNED80A6A,LCD (LED),65,98.0,360.0,126.0,6.0,85.4
LG,65QNED82ASA,LCD (LED),65,98.0,360.0,126.0,6.0,85.4
LOEWE,Inspire 65 OLED,OLED,65,98.0,360.0,126.0,6.0,85.3
BAUHN,Tizen TV,LCD (LED),65,96.3,360.0,126.0,6.0,83.9
LOEWE,We SEE 65 OLED,OLED,65,98.0,360.0,126.0,6.0,85.3
LOEWE,LOEWE 65 OLED,OLED,65,98.0,360.0,126.0,6.0,85.3
TCL,65P7LS,LCD (LED),64,82.8,360.0,126.0,6.0,72.2
BAUHN,ATV65UHDT-0922,LCD (LED),65,96.3,360.0,126.0,6.0,83.9
LG,65QNED81ASA,LCD (LED),65,98.0,360.0,126.0,6.0,85.4
PHILIPS,65PQT7931/79,LCD (LED),65,89.3,361.0,126.0,6.0,77.8
LG,65MRGB86B6A,LCD (LED),65,99.0,364.0,127.0,6.0,86.2
LG,65MRGB86BSA,LCD (LED),65,99.0,364.0,127.0,6.0,86.2
SONY,K-65A60,OLED,65,98.8,366.0,128.0,6.0,86.1
PHILIPS,65PUT7231/75,LCD (LED),65,90.8,366.0,128.0,6.0,79.1
KODAK,KD65WOS2,LCD (LED),65,95.274,367.0,128.0,6.0,83.0
POLAROID,PL6521OS,LCD (LED),65,95.274,367.0,128.0,6.0,83.0
AKAI,AK6521S6WOS,LCD (LED),65,95.274,367.0,128.0,6.0,83.0
LINSAR,LS65UHDNF,LCD (LED),65,95.274,367.0,128.0,6.0,83.0
DGTEC,DG65UHDOS,LCD (LED),65,95.274,367.0,128.0,6.0,83.0
LG,65QNED86BSA,LCD (LED),65,100.0,368.0,129.0,6.0,87.1
LG,65QNED70B6C,LCD (LED),65,100.0,368.0,129.0,6.0,87.1
LG,65NU850B6LA,LCD (LED),65,100.0,368.0,129.0,6.0,87.1
LG,65QNED87B6A,LCD (LED),65,100.0,368.0,129.0,6.0,87.1
LG,65NU855BPSA,LCD (LED),65,100.0,368.0,129.0,6.0,87.1
LG,65LX7BPUA,LCD (LED),65,86.6,368.0,129.0,6.0,75.4
LG,65LX7BKNA,LCD (LED),65,86.6,368.0,129.0,6.0,75.4
LG,65NU85CBPSA,LCD (LED),65,100.0,368.0,129.0,6.0,87.1
LG,65NU85CB6LA,LCD (LED),65,100.0,368.0,129.0,6.0,87.1
LG,65LX7B###,LCD (LED),65,86.6,368.0,129.0,6.0,75.4
LG,65LX7BPSA,LCD (LED),65,86.6,368.0,129.0,6.0,75.4
LG,65LX7B6LA,LCD (LED),65,86.6,368.0,129.0,6.0,75.4
LG,65QNED70BSA,LCD (LED),65,100.0,368.0,129.0,6.0,87.1
LG,65NU830B6LA,LCD (LED),65,100.0,368.0,129.0,6.0,87.1
HISENSE,65Q6NAU,LCD (LED),65,90.42,369.0,129.0,6.0,78.8
HISENSE,65Q6NNZ,LCD (LED),65,90.42,369.0,129.0,6.0,78.8
HISENSE,65Q6N series,LCD (LED),65,90.42,369.0,129.0,6.0,78.8
HISENSE,65X8HAU,OLED,65,92.33,369.0,129.0,6.0,80.4
"SHENZHEN XINCHAODA TECHNOLOGY CO., LTD",LEQ65W722,LCD (LED),65,100.64,369.0,129.0,6.0,87.7
TOSHIBA,65C350NP,LCD (LED),64,89.74,369.0,129.0,6.0,78.2
TOSHIBA,65Z670SP,LCD (LED),65,95.12,369.0,129.0,6.0,82.9
JVC,LT-65N7115AM,LCD (LED),64,93.0,370.0,130.0,6.0,81.4
POLAROID,PL6521UHDG,LCD,64,93.0,370.0,130.0,6.0,81.4
AKAI,AK6522S7TZN,LCD,65,96.3,370.0,130.0,6.0,83.9
KOGAN,KALED65R95TA,LCD (LED),64,94.2,371.0,130.0,6.0,82.1
KOGAN,KALED65U95TC,LCD (LED),65,94.14,371.0,130.0,6.0,82.0
KOGAN,KALED65U95T*,LCD (LED),65,94.14,371.0,130.0,6.0,82.0
CHIQ,U65M10F,LCD (LED),65,94.1,371.0,130.0,6.0,82.0
KOGAN,KALED65R95TC,LCD (LED),64,94.2,371.0,130.0,6.0,82.1
KOGAN,KALED65U95TA,LCD (LED),65,94.14,371.0,130.0,6.0,82.0
KOGAN,KALED65U95TB,LCD (LED),65,94.14,371.0,130.0,6.0,82.0
KOGAN,KALED65R95TB,LCD (LED),64,94.2,371.0,130.0,6.0,82.1
KOGAN,KALED65R95TE,LCD (LED),64,94.2,371.0,130.0,6.0,82.1
KOGAN,KALED65R95TD,LCD (LED),64,94.2,371.0,130.0,6.0,82.1
KOGAN,KALED65R95T*,LCD (LED),64,94.2,371.0,130.0,6.0,82.1
KOGAN,KALED65U95TD,LCD (LED),65,94.14,371.0,130.0,6.0,82.0
KOGAN,KALED65U95TE,LCD (LED),65,94.14,371.0,130.0,6.0,82.0
AIWA,AWS650G2,LCD (LED),65,92.9,371.0,130.0,6.0,80.9
KOGAN,KALED65R94KD,LCD (LED),65,86.9,372.0,130.0,6.0,75.8
KOGAN,KALED65R94K*,LCD (LED),65,86.9,372.0,130.0,6.0,75.8
SAMSUNG,UA65M80HA*,LCD (LED),65,101.0,372.0,130.0,6.0,88.0
SAMSUNG,UA65M80HAS,LCD (LED),65,101.0,372.0,130.0,6.0,88.0
KOGAN,KALED65R94KA,LCD (LED),65,86.9,372.0,130.0,6.0,75.8
KOGAN,KALED65R94KB,LCD (LED),65,86.9,372.0,130.0,6.0,75.8
KOGAN,KALED65R94KC,LCD (LED),65,86.9,372.0,130.0,6.0,75.8
SAMSUNG,UA65M80HAW,LCD (LED),65,101.0,372.0,130.0,6.0,88.0
HYUNDAI,H65UHDQLDZEN,LCD (LED),65,101.54,373.0,131.0,6.0,86.6
LG,OLED65A3PSA,OLED,65,103.0,378.0,132.0,5.5,89.7
LG,OLED65A36LA,OLED,65,103.0,378.0,132.0,5.5,89.7
SAMSUNG,QA65QE1DAS,LCD (LED),65,103.0,379.0,133.0,5.5,89.7
SAMSUNG,QA65QE1DAW,LCD (LED),65,103.0,379.0,133.0,5.5,89.7
SAMSUNG,QA65QE1DA*,LCD (LED),65,103.0,379.0,133.0,5.5,89.7
SAMSUNG,HG65U800FAW,LCD (LED),65,103.0,379.0,133.0,5.5,89.7
TCL,65C6L,LCD (LED),64,81.1,380.0,133.0,5.5,70.7
PHILIPS,65HFL6214U/12,LCD (LED),65,94.36,381.0,133.0,5.5,82.2
SONY,K-65XR80M2,OLED,65,102.9,381.0,133.0,5.5,89.6
PHILIPS,65BFL2214/97,LCD (LED),65,94.45,382.0,134.0,5.5,82.3
PHILIPS,65HFL5214U/97,LCD (LED),65,94.45,382.0,134.0,5.5,82.3
JVC,LT-65N7175A,LCD,65,92.61,385.0,135.0,5.5,80.7
AIWA,AWB657DH,LCD,65,92.61,385.0,135.0,5.5,80.7
TEAC,LE65GA522,LCD (LED),65,99.95,386.0,135.0,5.5,87.1
KOGAN,KAQLED65RQ9510SVA,LCD (LED),65,99.95,386.0,135.0,5.5,87.1
SMARTTECH,SMT-U65T1,LCD (LED),65,99.95,386.0,135.0,5.5,87.1
KOGAN,KALED65RT9220SVA,LCD (LED),65,99.95,386.0,135.0,5.5,87.1
LG,65QNED86ASA,LCD (LED),65,105.0,386.0,135.0,5.5,91.5
LG,65QNED86A6A,LCD (LED),65,105.0,386.0,135.0,5.5,91.5
LG,65UK762H5LB,LCD (LED),65,106.0,389.0,136.0,5.5,92.3
LG,OLED65B66LA,OLED,65,106.0,389.0,136.0,5.5,92.3
LG,OLED65B6PSA,OLED,65,106.0,389.0,136.0,5.5,92.3
LG,OLED65B5PSA,OLED,65,106.0,389.0,136.0,5.5,92.3
LG,65UK762H0LB,LCD (LED),65,106.0,389.0,136.0,5.5,92.3
LG,OLED65B56LA,OLED,65,106.0,389.0,136.0,5.5,92.3
SYLVOX,OT65KOC,LCD,65,104.68002,390.0,136.0,5.5,91.2
SYLVOX,"OT65A6KOEC, OT65KOC",LCD,65,104.68002,390.0,136.0,5.5,91.2
SYLVOX,OT65A6KOEC,LCD,65,104.68002,390.0,136.0,5.5,91.2
AIWA,AWB657QW,LCD (LED),65,106.434,391.0,137.0,5.5,92.7
LG,OLED65A26LA,OLED,65,107.0,393.0,138.0,5.5,93.2
LG,OLED65A2PSA,OLED,65,107.0,393.0,138.0,5.5,93.2
SAMSUNG,QA65Q60CAW,LCD (LED),65,107.0,394.0,138.0,5.5,93.2
SAMSUNG,QA65Q60CAS,LCD (LED),65,107.0,394.0,138.0,5.5,93.2
SAMSUNG,QA65Q6*CA*,LCD (LED),65,107.0,394.0,138.0,5.5,93.2
SAMSUNG,QA65Q63CAS,LCD (LED),65,107.0,394.0,138.0,5.5,93.2
EKO,K65USW,LCD,65,108.2,396.0,139.0,5.5,94.3
HISENSE,65Q6QNZ,LCD (LED),65,98.86,399.0,140.0,5.5,86.1
HISENSE,65Q6Q series,LCD (LED),65,98.86,399.0,140.0,5.5,86.1
HISENSE,65Q6QAU,LCD (LED),65,98.86,399.0,140.0,5.5,86.1
LG,OLED65B46LA,OLED,65,109.0,400.0,140.0,5.5,94.9
LG,OLED65C66LA,OLED,65,109.0,400.0,140.0,5.5,94.9
LG,OLED65B4PSA,OLED,65,109.0,400.0,140.0,5.5,94.9
LG,65QNED80T6A,LCD (LED),65,109.0,400.0,140.0,5.5,94.9
LG,65QNED756RA,LCD (LED),65,109.0,400.0,140.0,5.5,94.9
LG,65QNED81TSA,LCD (LED),65,109.0,400.0,140.0,5.5,94.9
SYLVOX,OQ65A3KOHJ,LCD,65,101.358,400.0,140.0,5.5,88.3
LG,OLED65G2PSA,OLED,65,109.0,400.0,140.0,5.5,94.9
LG,OLED65C6PSA,OLED,65,109.0,400.0,140.0,5.5,94.9
KOGAN,KAQL65R96KA,LCD (LED),65,92.9,400.0,140.0,5.5,80.9
LG,OLED65G26LA,OLED,65,109.0,400.0,140.0,5.5,94.9
BLAUPUNKT,BP650USG9700,LCD (LED),65,109.0,400.0,140.0,5.5,94.9
PRISM+,Q65 PRO QE,LCD (LED),65,93.43,400.0,140.0,5.5,81.4
"SHENZHEN XINCHAODA TECHNOLOGY CO., LTD",LEQ65A722,LCD (LED),65,109.48,402.0,141.0,5.5,95.4
KOGAN,KALED65U92TE,LCD (LED),64,101.3,404.0,141.0,5.5,88.3
CHIQ,U65G7PG,LCD (LED),64,94.0,404.0,141.0,5.5,82.0
TECO,LED65AUSRC,LCD (LED),64,94.0,404.0,141.0,5.5,82.0
LG,65QNED82BSA,LCD (LED),65,110.0,404.0,141.0,5.5,95.8
KOGAN,KALED65U94TB,LCD (LED),64,102.9,404.0,141.0,5.5,89.7
KOGAN,KALED65U94TC,LCD (LED),64,102.9,404.0,141.0,5.5,89.7
KOGAN,KALED65U94TA,LCD (LED),64,102.9,404.0,141.0,5.5,89.7
KOGAN,KALED65U92TD,LCD (LED),64,101.3,404.0,141.0,5.5,88.3
KOGAN,KALED65XU9220STE,LCD (LED),64,110.0,404.0,141.0,5.5,95.9
KOGAN,KALED65XU9220STC,LCD (LED),64,110.0,404.0,141.0,5.5,95.9
KOGAN,KALED65U92TB,LCD (LED),64,101.3,404.0,141.0,5.5,88.3
KOGAN,KALED65U92TA,LCD (LED),64,101.3,404.0,141.0,5.5,88.3
KOGAN,KALED65U92TC,LCD (LED),64,101.3,404.0,141.0,5.5,88.3
KOGAN,KALED65XU9220STF,LCD (LED),64,110.0,404.0,141.0,5.5,95.9
KOGAN,KALED65XU9220STB,LCD (LED),64,110.0,404.0,141.0,5.5,95.9
KOGAN,KALED65XU9220STD,LCD (LED),64,110.0,404.0,141.0,5.5,95.9
AIWA,AWS650G,LCD,64,90.1,404.0,141.0,5.5,78.6
KOGAN,KALED65U94TE,LCD (LED),64,102.9,404.0,141.0,5.5,89.7
KOGAN,KALED65U94TD,LCD (LED),64,102.9,404.0,141.0,5.5,89.7
SAMSUNG,QA65Q6FAA*,LCD (LED),65,110.0,405.0,142.0,5.5,95.8
SAMSUNG,QA65Q6FAAW,LCD (LED),65,110.0,405.0,142.0,5.5,95.8
SAMSUNG,QA65Q6FAAS,LCD (LED),65,110.0,405.0,142.0,5.5,95.8
EKO,K65USW3,LCD,65,111.438,407.0,142.0,5.5,97.1
SONY,K-65S20M2,LCD (LED),65,109.8,407.0,142.0,5.5,95.6
SAMSUNG,UA65M70HAW,LCD (LED),65,111.0,408.0,143.0,5.5,96.7
SAMSUNG,UA65M70HAS,LCD (LED),65,111.0,408.0,143.0,5.5,96.7
SAMSUNG,UA65M1EHA*,LCD (LED),65,111.0,408.0,143.0,5.5,96.7
SAMSUNG,UA65M1EHAS,LCD (LED),65,111.0,408.0,143.0,5.5,96.7
SAMSUNG,UA65M1EHAW,LCD (LED),65,111.0,408.0,143.0,5.5,96.7
SAMSUNG,UA65M70HA*,LCD (LED),65,111.0,408.0,143.0,5.5,96.7
PHILIPS,65PUT7428/79,LCD (LED),65,101.3,409.0,143.0,5.5,88.2
LG,OLED65G6PSB,OLED,65,112.0,411.0,144.0,5.5,97.6
LG,OLED65C24LA,OLED,65,112.0,411.0,144.0,5.5,97.6
LG,OLED65C2PSC,OLED,65,112.0,411.0,144.0,5.5,97.6
LG,OLED65G66LW,OLED,65,112.0,411.0,144.0,5.5,97.6
LG,OLED65C36LA,OLED,65,112.0,411.0,144.0,5.5,97.6
LG,OLED65C3PSA,OLED,65,112.0,411.0,144.0,5.5,97.6
SAMSUNG,BE65HX-H,LCD (LED),65,112.0,412.0,144.0,5.5,97.6
SAMSUNG,UA65U8500HW,LCD (LED),65,112.0,412.0,144.0,5.5,97.6
SAMSUNG,UA65U8000HW,LCD (LED),65,112.0,412.0,144.0,5.5,97.6
SAMSUNG,UA65U8500HS,LCD (LED),65,112.0,412.0,144.0,5.5,97.6
SAMSUNG,UA65U8*00H*,LCD (LED),65,112.0,412.0,144.0,5.5,97.6
SAMSUNG,QA65QE1CAW,LCD (LED),65,112.0,412.0,144.0,5.5,97.6
SAMSUNG,QA65QE1CA*,LCD (LED),65,112.0,412.0,144.0,5.5,97.6
SAMSUNG,UA65U8000HS,LCD (LED),65,112.0,412.0,144.0,5.5,97.6
SAMSUNG,QA65QE1CAS,LCD (LED),65,112.0,412.0,144.0,5.5,97.6
EMETE,EME-6507TE,LCD (LED),65,110.08,415.0,145.0,5.5,95.9
EMETE,EME-6501TE,LCD (LED),65,110.08,415.0,145.0,5.5,95.9
EMETE,EME-6503TE,LCD (LED),65,110.08,415.0,145.0,5.5,95.9
EMETE,EME-6502TE,LCD (LED),65,110.08,415.0,145.0,5.5,95.9
EMETE,EME-65XXTE,LCD (LED),65,110.08,415.0,145.0,5.5,95.9
JVC,LT-65N7115A11E,LCD (LED),64,104.2,415.0,145.0,5.5,90.8
EMETE,EME-6504TE,LCD (LED),65,110.08,415.0,145.0,5.5,95.9
EMETE,EME-6508TE,LCD (LED),65,110.08,415.0,145.0,5.5,95.9
EMETE,EME-6509TE,LCD (LED),65,110.08,415.0,145.0,5.5,95.9
EMETE,EME-6506TE,LCD (LED),65,110.08,415.0,145.0,5.5,95.9
EMETE,EME-6505TE,LCD (LED),65,110.08,415.0,145.0,5.5,95.9
EMETE,EME-6510TE,LCD (LED),65,110.08,415.0,145.0,5.5,95.9
HISENSE,65UR8S series,LCD (LED),65,110.35,416.0,146.0,5.5,96.1
HISENSE,65UR8SAU,LCD (LED),65,110.35,416.0,146.0,5.5,96.1
HISENSE,65U6NNZ,LCD (LED),65,99.95,416.0,146.0,5.5,87.1
HISENSE,65UR8SNZ,LCD (LED),65,110.35,416.0,146.0,5.5,96.1
HISENSE,65U6NAU,LCD (LED),65,99.95,416.0,146.0,5.5,87.1
HISENSE,65U6N series,LCD (LED),65,99.95,416.0,146.0,5.5,87.1
SAMSUNG,UA65AU7002S,LCD (LED),65,113.0,416.0,146.0,5.5,98.4
BLAUPUNKT,BP650USTQ,LCD (LED),65,104.98,416.0,146.0,5.5,91.4
SAMSUNG,BE65FX-H,LCD (LED),65,113.0,416.0,146.0,5.5,98.4
HISENSE,65Q7QNZ,LCD (LED),65,104.99,416.0,146.0,5.5,91.5
HISENSE,65Q7Q series,LCD (LED),65,104.99,416.0,146.0,5.5,91.5
HISENSE,65Q7QAU,LCD (LED),65,104.99,416.0,146.0,5.5,91.5
HISENSE,65S7NAU,LCD (LED),65,105.58,416.0,146.0,5.5,92.0
TOSHIBA,65Z670RP,LCD (LED),65,105.39,416.0,146.0,5.5,91.8
SAMSUNG,UA65U8500FW,LCD (LED),65,113.0,416.0,146.0,5.5,98.4
EKO,K65USTWQ,LCD (LED),65,104.98,416.0,146.0,5.5,91.4
HISENSE,65U6S series,LCD (LED),65,110.0,416.0,146.0,5.5,95.8
HISENSE,65U6SNZ,LCD (LED),65,110.0,416.0,146.0,5.5,95.8
SAMSUNG,UA65U**00F*,LCD (LED),65,113.0,416.0,146.0,5.5,98.4
SAMSUNG,UA65U8500FS,LCD (LED),65,113.0,416.0,146.0,5.5,98.4
SAMSUNG,UA65UE100FS,LCD (LED),65,113.0,416.0,146.0,5.5,98.4
SAMSUNG,UA65U8000FS,LCD (LED),65,113.0,416.0,146.0,5.5,98.4
SAMSUNG,UA65U8000FW,LCD (LED),65,113.0,416.0,146.0,5.5,98.4
HISENSE,65U6SAU,LCD (LED),65,110.0,416.0,146.0,5.5,95.8
LOEWE,BILD i65,OLED,65,114.0,418.0,146.0,5.0,99.7
SAMSUNG,UA65DU7700W,LCD (LED),65,114.0,419.0,147.0,5.0,99.3
SAMSUNG,UA65DU7*00*,LCD (LED),65,114.0,419.0,147.0,5.0,99.3
LG,65QNED75SRA,LCD (LED),65,114.0,419.0,147.0,5.0,99.3
SAMSUNG,UA65DU7700S,LCD (LED),65,114.0,419.0,147.0,5.0,99.3
SAMSUNG,UA65DU7000W,LCD (LED),65,114.0,419.0,147.0,5.0,99.3
SAMSUNG,BE65D-H,LCD (LED),65,114.0,419.0,147.0,5.0,99.3
LG,65QNED7SSQA,LCD (LED),65,114.0,419.0,147.0,5.0,99.3
LG,65UT90506LB,LCD (LED),65,114.0,419.0,147.0,5.0,99.3
LG,65NANO806QA,LCD (LED),65,114.0,419.0,147.0,5.0,99.3
SAMSUNG,HG65AU800AW,LCD (LED),65,114.0,419.0,147.0,5.0,99.3
SAMSUNG,UA65DU7000S,LCD (LED),65,114.0,419.0,147.0,5.0,99.3
LG,65PK640S0SB,LCD (LED),65,115.0,422.0,148.0,5.0,100.2
LG,65UA731C0SB,LCD (LED),65,115.0,422.0,148.0,5.0,100.2
LG,65UR765H0VC,LCD (LED),65,115.0,422.0,148.0,5.0,100.2
LG,OLED65G5PSA,OLED,65,115.0,422.0,148.0,5.0,100.2
LG,OLED65G56LA,OLED,65,115.0,422.0,148.0,5.0,100.2
LG,65UA7350PSB,LCD (LED),65,115.0,422.0,148.0,5.0,100.2
TCL,65A300W,LCD (LED),64,103.5,425.0,149.0,5.0,90.2
SAMSUNG,HG65AJ690YK,LCD (LED),65,116.0,426.0,149.0,5.0,101.0
SAMSUNG,UA65TU8000W,LCD (LED),65,116.0,426.0,149.0,5.0,101.0
SAMSUNG,UA65TU8000S,LCD (LED),65,116.0,426.0,149.0,5.0,101.0
SAMSUNG,UA65TU8000,LCD (LED),65,116.0,426.0,149.0,5.0,101.0
SAMSUNG,UA65CU7000S,LCD (LED),65,116.0,426.0,149.0,5.0,101.0
SAMSUNG,UA65CU7100S,LCD (LED),65,116.0,426.0,149.0,5.0,101.0
SAMSUNG,UA65CU7*00S,LCD (LED),65,116.0,426.0,149.0,5.0,101.0
SAMSUNG,LH65BECHLGKXXY,LCD (LED),65,116.0,426.0,149.0,5.0,101.0
SAMSUNG,LH65BECHLGSXNZ,LCD (LED),65,116.0,426.0,149.0,5.0,101.0
SAMSUNG,LH65BECHLG****,LCD (LED),65,116.0,426.0,149.0,5.0,101.0
SAMSUNG,QA65Q7FAAW,LCD (LED),65,117.0,430.0,150.0,5.0,101.9
SAMSUNG,QA65Q*F SERIES,LCD (LED),65,117.0,430.0,150.0,5.0,101.9
SAMSUNG,QA65Q7F5AW,LCD (LED),65,117.0,430.0,150.0,5.0,101.9
SAMSUNG,QA65Q7FAAS,LCD (LED),65,117.0,430.0,150.0,5.0,101.9
SAMSUNG,QA65QEF1AW,LCD (LED),65,117.0,430.0,150.0,5.0,101.9
SAMSUNG,QA65Q7F5AS,LCD (LED),65,117.0,430.0,150.0,5.0,101.9
SAMSUNG,QA65QEF1AS,LCD (LED),65,117.0,430.0,150.0,5.0,101.9
SAMSUNG,QA65Q6*BA*,LCD (LED),65,117.0,430.0,150.0,5.0,101.9
SAMSUNG,QA65Q63BAS,LCD (LED),65,117.0,430.0,150.0,5.0,101.9
SAMSUNG,QA65Q60BAW,LCD (LED),65,117.0,430.0,150.0,5.0,101.9
SAMSUNG,HG65Q60BAAW,LCD (LED),65,117.0,430.0,150.0,5.0,101.9
SAMSUNG,QA65Q60BAS,LCD (LED),65,117.0,430.0,150.0,5.0,101.9
SAMSUNG,QA65Q63BAK,LCD (LED),65,117.0,430.0,150.0,5.0,101.9
LG,65QNED70ASA,LCD (LED),65,118.0,433.0,152.0,5.0,102.8
LG,65QNED70A6A,LCD (LED),65,118.0,433.0,152.0,5.0,102.8
LG,65QNED80SQA,LCD (LED),65,118.0,433.0,152.0,5.0,102.8
LG,65QNED81SRA,LCD (LED),65,118.0,433.0,152.0,5.0,102.8
LG,65UA841C0SA,LCD (LED),65,118.0,433.0,152.0,5.0,102.8
LG,65NANO80ASA,LCD (LED),65,118.0,433.0,152.0,5.0,102.8
LG,65QNED806QA,LCD (LED),65,118.0,433.0,152.0,5.0,102.8
LG,65NANO80A6A,LCD (LED),65,118.0,433.0,152.0,5.0,102.8
LG,65QNED816RA,LCD (LED),65,118.0,433.0,152.0,5.0,102.8
LG,65UR767H3VC,LCD (LED),65,118.0,433.0,152.0,5.0,102.8
LG,65UA8055PSA,LCD (LED),65,118.0,433.0,152.0,5.0,102.8
LG,65UA8450PSA,LCD (LED),65,118.0,433.0,152.0,5.0,102.8
LG,65QNED86T6A,LCD (LED),65,118.0,433.0,152.0,5.0,102.8
LG,65QNED86TSA,LCD (LED),65,118.0,433.0,152.0,5.0,102.8
KOGAN,KAQL65MQ8TA,LCD (LED),65,109.1,436.0,153.0,5.0,95.0
KOGAN,KAQL65MQ8TC,LCD (LED),65,109.1,436.0,153.0,5.0,95.0
KOGAN,KAQL65MQ8TE,LCD (LED),65,109.1,436.0,153.0,5.0,95.0
KOGAN,KAQL65MQ8TB,LCD (LED),65,109.1,436.0,153.0,5.0,95.0
KOGAN,KAQL65MQ8TD,LCD (LED),65,109.1,436.0,153.0,5.0,95.0
SAMSUNG,UA65BU8000W,LCD (LED),65,119.0,437.0,153.0,5.0,103.7
SAMSUNG,UA65BU8000S,LCD (LED),65,119.0,437.0,153.0,5.0,103.7
SAMSUNG,HG65BU800AW,LCD (LED),65,119.0,437.0,153.0,5.0,103.7
SONY,K-65XR80,OLED,65,117.9,437.0,153.0,5.0,102.7
SAMSUNG,UA65BU8500S,LCD (LED),65,119.0,437.0,153.0,5.0,103.7
SAMSUNG,UA65BU8000*,LCD (LED),65,119.0,437.0,153.0,5.0,103.7
HISENSE,65U6Q PRO series,LCD (LED),65,110.31,439.0,154.0,5.0,96.1
PALSONIC,PT6515SU,LCD (LED),65,105.43,439.0,154.0,5.0,91.8
HISENSE,65U6QAU PRO,LCD (LED),65,110.31,439.0,154.0,5.0,96.1
HISENSE,65U6QNZ PRO,LCD (LED),65,110.31,439.0,154.0,5.0,96.1
TCL,65C755,LCD (LED),64,105.7,440.0,154.0,5.0,92.2
LG,65QNED91SQA,LCD (LED),65,120.0,440.0,154.0,5.0,104.5
TCL,65C655,LCD (LED),64,106.6,440.0,154.0,5.0,92.9
LG,65UT8050PSB,LCD (LED),65,120.0,441.0,154.0,5.0,104.5
LG,65UT801C0SB,LCD (LED),65,120.0,441.0,154.0,5.0,104.5
LG,65UT801C0LA,LCD (LED),65,120.0,441.0,154.0,5.0,104.5
LG,65UT81006LA,LCD (LED),65,120.0,441.0,154.0,5.0,104.5
LG,65UT80506LA,LCD (LED),65,120.0,441.0,154.0,5.0,104.5
LG,OLED65B36LA,OLED,65,121.0,444.0,155.0,5.0,105.4
LG,OLED65B3PSA,OLED,65,121.0,444.0,155.0,5.0,105.4
KOGAN,KAOD65X98JSV series,LCD (LED),64,105.84,448.0,157.0,5.0,92.3
JVC,AV-AQ657155A,LCD (LED),64,105.96,448.0,157.0,5.0,92.4
JVC,LT-65NQ7155AW,LCD (LED),64,105.96,448.0,157.0,5.0,92.4
JVC,AV-AE657155A,LCD (LED),65,107.58,448.0,157.0,5.0,91.0
SAMSUNG,QA65Q8FAAW,LCD (LED),65,122.0,448.0,157.0,5.0,106.3
LG,OLED65C4PSA,OLED,65,122.0,448.0,157.0,5.0,106.3
JVC,AV-JE657165A,LCD (LED),65,107.58,448.0,157.0,5.0,91.0
SAMSUNG,UA65DU8000S,LCD (LED),65,122.0,448.0,157.0,5.0,106.3
JVC,AV-AE657155A series,LCD (LED),65,107.58,448.0,157.0,5.0,91.0
LG,OLED65C46LA,OLED,65,122.0,448.0,157.0,5.0,106.3
SAMSUNG,UA65DU8*00*,LCD (LED),65,122.0,448.0,157.0,5.0,106.3
JVC,LT-65NE7155A,LCD (LED),65,107.58,448.0,157.0,5.0,91.0
SAMSUNG,UA65DU8500S,LCD (LED),65,122.0,448.0,157.0,5.0,106.3
SAMSUNG,UA65DU8000W,LCD (LED),65,122.0,448.0,157.0,5.0,106.3
SAMSUNG,QA65Q8F*A*,LCD (LED),65,122.0,448.0,157.0,5.0,106.3
SAMSUNG,QA65Q8FAAS,LCD (LED),65,122.0,448.0,157.0,5.0,106.3
SAMSUNG,QA65Q8F5AW,LCD (LED),65,122.0,448.0,157.0,5.0,106.3
SAMSUNG,UA65DUE800*,LCD (LED),65,122.0,448.0,157.0,5.0,106.3
SAMSUNG,UA65DUE800S,LCD (LED),65,122.0,448.0,157.0,5.0,106.3
SAMSUNG,UA65DUE800W,LCD (LED),65,122.0,448.0,157.0,5.0,106.3
KOGAN,KAOD65X98JSVB,LCD (LED),64,105.84,448.0,157.0,5.0,92.3
KOGAN,KAOD65X98JSVC,LCD (LED),64,105.84,448.0,157.0,5.0,92.3
KOGAN,KAOD65X98JSVA,LCD (LED),64,105.84,448.0,157.0,5.0,92.3
JVC,AQ657155 series,LCD (LED),64,105.96,448.0,157.0,5.0,92.4
JVC,LT-65NQ7155AX,LCD (LED),64,105.96,448.0,157.0,5.0,92.4
JVC,LT-65NQ7155A,LCD (LED),64,105.96,448.0,157.0,5.0,92.4
TCL,65C8K,LCD (LED),64,107.4,450.0,158.0,5.0,93.6
SKYWORTH,65X8700G,LCD (LED),65,111.6,450.0,158.0,5.0,97.2
PRISM+,M65,LCD (LED),65,111.6,450.0,158.0,5.0,97.2
SONY,XR-65A80K,OLED,65,121.1,451.0,158.0,5.0,105.5
SONY,XR-65A80L,OLED,65,121.1,451.0,158.0,5.0,105.5
SAMSUNG,UA65CU8500S,LCD (LED),65,123.0,452.0,158.0,5.0,107.1
SAMSUNG,UA65CU8000W,LCD (LED),65,123.0,452.0,158.0,5.0,107.1
SAMSUNG,UA65CU8*00*,LCD (LED),65,123.0,452.0,158.0,5.0,107.1
SONY,XR-65A95L,OLED,65,122.1,452.0,158.0,5.0,106.4
SAMSUNG,UA65CU8000S,LCD (LED),65,123.0,452.0,158.0,5.0,107.1
LG,OLED65C56LA,OLED,65,124.0,455.0,159.0,5.0,108.0
LG,OLED65C5PSA,OLED,65,124.0,455.0,159.0,5.0,108.0
LG,65QNED91T6A,LCD (LED),65,125.0,459.0,161.0,5.0,108.9
LG,65QNED91TSA,LCD (LED),65,125.0,459.0,161.0,5.0,108.9
HISENSE,65U7KNZ,LCD (LED),65,109.65,459.0,161.0,5.0,95.5
HISENSE,65U7K series,LCD (LED),65,109.65,459.0,161.0,5.0,95.5
HISENSE,65U7KAU,LCD (LED),65,109.65,459.0,161.0,5.0,95.5
LG,65QNED866RE,LCD (LED),65,125.0,459.0,161.0,5.0,108.9
LG,65QNED86SRA,LCD (LED),65,125.0,459.0,161.0,5.0,108.9
LG,65QNED866RA,LCD (LED),65,125.0,459.0,161.0,5.0,108.9
HISENSE,65X9HAU,OLED,65,108.3,459.0,161.0,5.0,94.3
KOGAN,KAOD65X98JSTA,OLED,65,112.7,459.0,161.0,5.0,98.2
KOGAN,KAOD65X98JST*,OLED,65,112.7,459.0,161.0,5.0,98.2
KOGAN,KAOD65X98JSTB,OLED,65,112.7,459.0,161.0,5.0,98.2
KOGAN,KAOD65X98JSTD,OLED,65,112.7,459.0,161.0,5.0,98.2
KOGAN,KAOD65X98JSTE,OLED,65,112.7,459.0,161.0,5.0,98.2
KOGAN,KAOD65X98JSTC,OLED,65,112.7,459.0,161.0,5.0,98.2
TCL,65C6K,LCD (LED),64,115.0,460.0,161.0,5.0,100.3
LG,OLED65B2PSA,OLED,65,126.0,462.0,162.0,5.0,109.8
PHILIPS,65PUT7039/79,LCD (LED),65,115.0,462.0,162.0,5.0,97.6
EKO,K65USWQ2,LCD (LED),65,113.9,462.0,162.0,5.0,99.2
KOGAN,KAQL65MQ8ZTC,LCD (LED),65,120.1,462.0,162.0,5.0,104.6
KOGAN,KAQL65MQ8ZTD,LCD (LED),65,120.1,462.0,162.0,5.0,104.6
KOGAN,KAQL65MQ8ZTA,LCD (LED),65,120.1,462.0,162.0,5.0,104.6
LG,OLED65CSPSA,OLED,65,126.0,462.0,162.0,5.0,109.8
KOGAN,KAQL65MQ8ZTE,LCD (LED),65,120.1,462.0,162.0,5.0,104.6
KOGAN,KAQL65MQ8ZT*,LCD (LED),65,120.1,462.0,162.0,5.0,104.6
LG,65UK760H0SD,LCD (LED),65,126.0,462.0,162.0,5.0,109.8
KOGAN,KAQL65MQ8ZTB,LCD (LED),65,120.1,462.0,162.0,5.0,104.6
LG,65ART90E6QC,OLED,65,126.0,462.0,162.0,5.0,109.8
LG,65ART90E,OLED,65,126.0,462.0,162.0,5.0,109.8
LG,OLED65CS6LA,OLED,65,126.0,462.0,162.0,5.0,109.8
LG,65ART90E6QB,OLED,65,126.0,462.0,162.0,5.0,109.8
LG,65ART90ESQC,OLED,65,126.0,462.0,162.0,5.0,109.8
LG,65ART90ESQB,OLED,65,126.0,462.0,162.0,5.0,109.8
LG,65ART90ESQA,OLED,65,126.0,462.0,162.0,5.0,109.8
LG,65ART90E6QA,OLED,65,126.0,462.0,162.0,5.0,109.8
SAMSUNG,QA65LS01DA*,LCD (LED),65,126.0,463.0,162.0,5.0,109.8
SAMSUNG,QA65LS01DAS,LCD (LED),65,126.0,463.0,162.0,5.0,109.8
SAMSUNG,QA65LS01DAW,LCD (LED),65,126.0,463.0,162.0,5.0,109.8
EKO,K65USTW,LCD,65,126.1,463.0,162.0,5.0,109.8
PHILIPS,65MLED601/79,LCD (LED),65,125.0,463.0,162.0,5.0,108.9
PHILIPS,65OLED708/79,OLED,65,114.8,463.0,162.0,5.0,100.0
PHILIPS,65OLED708/75,OLED,65,114.8,463.0,162.0,5.0,100.0
SAMSUNG,HG65CU700AW,LCD (LED),65,126.0,463.0,162.0,5.0,109.8
HISENSE,65U7HAU,LCD (LED),65,115.68,464.0,162.0,5.0,100.8
HISENSE,65U7HNZ,LCD (LED),65,115.68,464.0,162.0,5.0,100.8
HISENSE,65U7H series,LCD (LED),65,115.68,464.0,162.0,5.0,100.8
HISENSE,65U7NAU,LCD (LED),64,110.54,464.0,162.0,5.0,96.4
HISENSE,65U7N series,LCD (LED),64,110.54,464.0,162.0,5.0,96.4
HISENSE,65U7NNZ,LCD (LED),64,110.54,464.0,162.0,5.0,96.4
KOGAN,KAL65U9QA,LCD,65,104.15,465.0,163.0,5.0,90.7
KOGAN,KAL65U9QB,LCD,65,104.15,465.0,163.0,5.0,90.7
KOGAN,KAL65U9QD,LCD,65,104.15,465.0,163.0,5.0,90.7
HISENSE,65U7Q series,LCD (LED),65,115.94,465.0,163.0,5.0,101.0
TOSHIBA,65Z670MP,LCD (LED),65,117.13,465.0,163.0,5.0,102.0
SKYWORTH,65Q7700G,LCD (LED),65,118.6,465.0,163.0,5.0,103.3
TCL,65C8L,LCD (LED),64,109.4,465.0,163.0,5.0,95.4
KOGAN,KAL65U9QC,LCD,65,104.15,465.0,163.0,5.0,90.7
PRISM+,Q65U,LCD (LED),65,110.448,465.0,163.0,5.0,96.2
KOGAN,KAL65U9Q*,LCD,65,104.15,465.0,163.0,5.0,90.7
HISENSE,65U7SAU,LCD (LED),65,117.57,465.0,163.0,5.0,102.4
HISENSE,65U7S series,LCD (LED),65,117.57,465.0,163.0,5.0,102.4
HISENSE,65U7QAU,LCD (LED),65,115.94,465.0,163.0,5.0,101.0
HISENSE,65U7QNZ,LCD (LED),65,115.94,465.0,163.0,5.0,101.0
HISENSE,65U7SNZ,LCD (LED),65,117.57,465.0,163.0,5.0,102.4
LG,65UQ80006LB,LCD (LED),65,127.0,466.0,163.0,4.5,110.6
LG,65UR81006LJ,LCD (LED),65,127.0,466.0,163.0,4.5,110.6
LG,65UR781C0LL,LCD (LED),65,127.0,466.0,163.0,4.5,110.6
LG,65UR801C0SB,LCD (LED),65,127.0,466.0,163.0,4.5,110.6
LG,65UR8050PSB,LCD (LED),65,127.0,466.0,163.0,4.5,110.6
LG,65UR78006LL,LCD (LED),65,127.0,466.0,163.0,4.5,110.6
LG,65UR80006LJ,LCD (LED),65,127.0,466.0,163.0,4.5,110.6
AIWA,AWS650W,LCD (LED),65,115.94,468.0,164.0,4.5,101.0
PHILIPS,65PUT8507/75,LCD (LED),65,116.25,469.0,164.0,4.5,101.3
PHILIPS,65PUT8507/79,LCD (LED),65,116.25,469.0,164.0,4.5,101.3
SAMSUNG,QA65S85HAE,LCD (LED),65,128.0,470.0,164.0,4.5,111.5
SAMSUNG,QA65S85FAE,LCD (LED),65,129.0,474.0,166.0,4.5,112.4
SONY,K-65XR70M2,LCD (LED),65,129.4,477.0,167.0,4.5,112.7
TAVICE,65DF,LCD,65,130.03,477.0,167.0,4.5,113.2
SONY,KD-65X75K,LCD (LED),65,129.6,478.0,167.0,4.5,112.9
SAMSUNG,QA65QN70HAS,LCD (LED),65,130.0,478.0,167.0,4.5,113.2
SAMSUNG,QA65QN70HAW,LCD (LED),65,130.0,478.0,167.0,4.5,113.2
SAMSUNG,QA65QN1EHAS,LCD (LED),65,130.0,478.0,167.0,4.5,113.2
SAMSUNG,QA65QN70HA*,LCD (LED),65,130.0,478.0,167.0,4.5,113.2
SAMSUNG,QA65QN1EHA*,LCD (LED),65,130.0,478.0,167.0,4.5,113.2
SAMSUNG,QA65QN87DAW,LCD (LED),65,130.0,478.0,167.0,4.5,113.2
SAMSUNG,QA65QN87DAS,LCD (LED),65,130.0,478.0,167.0,4.5,113.2
SAMSUNG,QA65QN1EHAW,LCD (LED),65,130.0,478.0,167.0,4.5,113.2
SAMSUNG,QA65QN87DA*,LCD (LED),65,130.0,478.0,167.0,4.5,113.2
SONY,K-65XR30M2,LCD (LED),65,130.2,481.0,168.0,4.5,113.4
PHILIPS,65PUT8528/79,LCD (LED),65,119.3,481.0,168.0,4.5,103.9
SAMSUNG,QA65QN1EFA*,LCD (LED),65,131.0,481.0,168.0,4.5,114.1
SAMSUNG,QA65QN1EFAS,LCD (LED),65,131.0,481.0,168.0,4.5,114.1
SAMSUNG,QA65QN1EFAW,LCD (LED),65,131.0,481.0,168.0,4.5,114.1
PHILIPS,65HFL7111T/12,LCD (LED),64,131.3,483.0,169.0,4.5,114.7
LG,65QNED85SQA,LCD (LED),65,132.0,484.0,169.0,4.5,115.0
LG,65QNED866QA,LCD (LED),65,132.0,484.0,169.0,4.5,115.0
DREAME,65S100,LCD (LED),65,118.12,485.0,170.0,4.5,102.9
PHILIPS,65PUT7129/98,LCD (LED),65,122.0,488.0,171.0,4.5,106.3
TCL,65C7L,LCD (LED),64,99.5,488.0,171.0,4.5,86.7
SKYWORTH,SW65G4F,LCD (LED),65,121.6,490.0,172.0,4.5,105.9
SAMSUNG,QA65QN85DBS,LCD (LED),65,134.0,492.0,172.0,4.5,116.7
SAMSUNG,QA65QN85DBW,LCD (LED),65,134.0,492.0,172.0,4.5,116.7
SAMSUNG,QA65LS01BBW,LCD (LED),65,134.0,492.0,172.0,4.5,116.7
SAMSUNG,QA65QN80DAS,LCD (LED),65,134.0,492.0,172.0,4.5,116.7
SAMSUNG,QA65QN85DB*,LCD (LED),65,134.0,492.0,172.0,4.5,116.7
SAMSUNG,QA65LS01B**,LCD (LED),65,134.0,492.0,172.0,4.5,116.7
SAMSUNG,QA65LS01BAW,LCD (LED),65,134.0,492.0,172.0,4.5,116.7
SAMSUNG,QA65QN80DAW,LCD (LED),65,134.0,492.0,172.0,4.5,116.7
SAMSUNG,QA65LS01BAS,LCD (LED),65,134.0,492.0,172.0,4.5,116.7
SAMSUNG,QA65QN80DA*,LCD (LED),65,134.0,492.0,172.0,4.5,116.7
PHILIPS,65OLED789/98,OLED,65,122.5,493.0,173.0,4.5,106.7
SAMSUNG,QA65QN3EFAS,LCD (LED),65,136.0,499.0,175.0,4.5,118.5
SAMSUNG,QA65QN90FAW,LCD (LED),65,137.0,503.0,176.0,4.5,119.3
SAMSUNG,QA65QN90FA*,LCD (LED),65,137.0,503.0,176.0,4.5,119.3
SAMSUNG,QA65QN90FAS,LCD (LED),65,137.0,503.0,176.0,4.5,119.3
SAMSUNG,QA65QN85CAW,LCD (LED),65,137.0,503.0,176.0,4.5,119.3
SAMSUNG,QA65QN85CAS,LCD (LED),65,137.0,503.0,176.0,4.5,119.3
SAMSUNG,QA65QN85CA*,LCD (LED),65,137.0,503.0,176.0,4.5,119.3
CHIQ,U65G7P,LCD (LED),64,138.0,506.0,177.0,4.5,120.3
KOGAN,KAL65U96VC,LCD (LED),65,122.82,506.0,177.0,4.5,107.1
KOGAN,KAQL65Q9VB,LCD (LED),65,102.66,506.0,177.0,4.5,89.4
KOGAN,*********65*********,LCD (LED),65,102.66,506.0,177.0,4.5,89.4
KOGAN,"KAL65U96VA, KAL65U96VB, KAL65U96VC",LCD (LED),65,122.82,506.0,177.0,4.5,107.1
KOGAN,KAL65U96VA,LCD (LED),65,122.82,506.0,177.0,4.5,107.1
KOGAN,KAQL65Q9VA,LCD (LED),65,102.66,506.0,177.0,4.5,89.4
KOGAN,KAL65U96VB,LCD (LED),65,122.82,506.0,177.0,4.5,107.1
KOGAN,KAQL65Q9VC,LCD (LED),65,102.66,506.0,177.0,4.5,89.4
SAMSUNG,QA65S90HA*,LCD (LED),65,138.0,507.0,177.0,4.5,120.2
SAMSUNG,QA65S90HAW,LCD (LED),65,138.0,507.0,177.0,4.5,120.2
SAMSUNG,QA65S90HAS,LCD (LED),65,138.0,507.0,177.0,4.5,120.2
SONY,XR-65A95K,OLED,65,136.0,507.0,177.0,4.5,118.5
TCL,65C7K,LCD (LED),64,134.4,510.0,178.0,4.5,117.2
EKO,K650UGT2,LCD (LED),65,132.27,511.0,179.0,4.5,115.2
JVC,LT-65N7115A11,LCD,64,124.968,512.0,179.0,4.5,109.6
SONIQ,G65UZ26A-AU,LCD,64,139.34,512.0,179.0,4.5,121.5
JVC,AV-H657115A11,LCD,64,124.968,512.0,179.0,4.5,109.6
SAMSUNG,QA65QN85FAS,LCD (LED),65,140.0,514.0,180.0,4.5,122.0
LG,OLED65M59LA,OLED,65,140.0,514.0,180.0,4.5,122.0
LG,OLED65M5PSA,OLED,65,140.0,514.0,180.0,4.5,122.0
LG,65QNED80B6B,LCD (LED),65,140.0,514.0,180.0,4.5,122.0
SAMSUNG,QA65QN85FAW,LCD (LED),65,140.0,514.0,180.0,4.5,122.0
LG,65QNED90BSA,LCD (LED),65,126.7,514.0,180.0,4.5,110.4
LG,65QNED80BSA,LCD (LED),65,140.0,514.0,180.0,4.5,122.0
SAMSUNG,QA65QN85FA*,LCD (LED),65,140.0,514.0,180.0,4.5,122.0
LG,65QNED9MASA,LCD (LED),65,140.0,515.0,180.0,4.5,122.0
KOGAN,KAQL65MQ9VB,LCD (LED),65,128.52,515.0,180.0,4.5,112.0
LG,65QNED9MA6A,LCD (LED),65,140.0,515.0,180.0,4.5,122.0
KOGAN,KAQL65MQ9VC,LCD (LED),65,128.52,515.0,180.0,4.5,112.0
KOGAN,KAQL65MQ9VA,LCD (LED),65,128.52,515.0,180.0,4.5,112.0
SONY,K-65S30,LCD (LED),65,140.0,517.0,181.0,4.5,122.0
CHIQ,65M810N,LCD (LED),65,129.3,517.0,181.0,4.5,112.6
SAMSUNG,QA65QN70FAS,LCD (LED),65,141.0,518.0,181.0,4.5,122.8
SAMSUNG,QA65QN70FA*,LCD (LED),65,141.0,518.0,181.0,4.5,122.8
SAMSUNG,QA65QN70FAW,LCD (LED),65,141.0,518.0,181.0,4.5,122.8
TOSHIBA,65Z770,LCD (LED),65,128.56,520.0,182.0,4.5,112.0
HISENSE,65U8KNZ,LCD (LED),65,133.75,520.0,182.0,4.5,116.5
TOSHIBA,65Z770SP,LCD (LED),65,128.56,520.0,182.0,4.5,112.0
HISENSE,65UR9S Series,LCD (LED),65,138.43,520.0,182.0,4.5,120.6
HISENSE,65UR9SNZ,LCD (LED),65,138.43,520.0,182.0,4.5,120.6
TOSHIBA,65Z770RP,LCD (LED),65,128.56,520.0,182.0,4.5,112.0
HISENSE,65UR9SAU,LCD (LED),65,138.43,520.0,182.0,4.5,120.6
TOSHIBA,65Z870MP,LCD (LED),65,129.47,520.0,182.0,4.5,112.8
HISENSE,65U8QNZ,LCD (LED),65,129.15,520.0,182.0,4.5,112.5
TECO,LED65BQUSRC,LCD (LED),65,136.6,520.0,182.0,4.5,119.0
CHIQ,U65QM10,LCD (LED),65,136.6,520.0,182.0,4.5,119.0
EKO,K650USG,LCD (LED),65,137.7,520.0,182.0,4.5,119.9
HISENSE,65U8KAU,LCD (LED),65,133.75,520.0,182.0,4.5,116.5
HISENSE,65U8K series,LCD (LED),65,133.75,520.0,182.0,4.5,116.5
HISENSE,65U8QAU,LCD (LED),65,129.15,520.0,182.0,4.5,112.5
HISENSE,65U8Q Series,LCD (LED),65,129.15,520.0,182.0,4.5,112.5
SAMSUNG,QA65Q70DAW,LCD (LED),65,142.0,521.0,182.0,4.0,123.7
SAMSUNG,QA65Q70DAS,LCD (LED),65,142.0,521.0,182.0,4.0,123.7
SAMSUNG,QA65Q70DA*,LCD (LED),65,142.0,521.0,182.0,4.0,123.7
PHILIPS,65PUT7908/75,LCD (LED),65,129.8,523.0,183.0,4.0,113.1
PHILIPS,65PUT7908/79,LCD (LED),65,129.8,523.0,183.0,4.0,113.1
LG,65NANO756QA,LCD (LED),65,144.0,528.0,185.0,4.0,125.4
LG,65UP801C0TB,LCD (LED),65,144.0,528.0,185.0,4.0,125.4
LG,65NANO81TSA,LCD (LED),65,144.0,528.0,185.0,4.0,125.4
LG,65NANO75SQA,LCD (LED),65,144.0,528.0,185.0,4.0,125.4
SONY,KD-65X77L,LCD (LED),65,143.6,530.0,186.0,4.0,125.1
KOGAN,KAQL65MQ9TB,LCD (LED),65,136.1,532.0,186.0,4.5,115.8
KOGAN,KAQL65MQ9TE,LCD (LED),65,136.1,532.0,186.0,4.5,115.8
KOGAN,KAQL65MQ9TA,LCD (LED),65,136.1,532.0,186.0,4.5,115.8
KOGAN,KAQL65MQ9T*,LCD (LED),65,136.1,532.0,186.0,4.5,115.8
LG,65UQ75006LF,LCD (LED),65,145.0,532.0,186.0,4.0,126.3
LG,65UQ751C0LF,LCD (LED),65,145.0,532.0,186.0,4.0,126.3
LG,65UP751C0VG,LCD (LED),65,145.0,532.0,186.0,4.0,126.3
LG,OLED65G3PSA,OLED,65,145.0,532.0,186.0,4.0,126.3
SAMSUNG,QA65Q70CAW,LCD (LED),65,145.0,532.0,186.0,4.0,126.3
SAMSUNG,QA65Q70CA*,LCD (LED),65,145.0,532.0,186.0,4.0,126.3
SAMSUNG,QA65Q70CAS,LCD (LED),65,145.0,532.0,186.0,4.0,126.3
LG,OLED65G36LA,OLED,65,145.0,532.0,186.0,4.0,126.3
KOGAN,KAQL65MQ9TC,LCD (LED),65,136.1,532.0,186.0,4.5,115.8
SAMSUNG,QA65S90FAE,LCD (LED),65,145.0,532.0,186.0,4.0,126.3
KOGAN,KAQL65MQ9TD,LCD (LED),65,136.1,532.0,186.0,4.5,115.8
SONY,KD-65X85L,LCD (LED),65,144.6,533.0,187.0,4.0,126.0
SONY,XR-65X90L,LCD (LED),65,144.3,535.0,187.0,4.0,125.7
SAMSUNG,QA65S90DA*,LCD (LED),65,146.0,536.0,188.0,4.0,127.2
SAMSUNG,QA65S90DAS,LCD (LED),65,146.0,536.0,188.0,4.0,127.2
SAMSUNG,QA65S90DAW,LCD (LED),65,146.0,536.0,188.0,4.0,127.2
LG,OLED65G4PSA,OLED,65,147.0,539.0,189.0,4.0,128.0
LG,OLED65G46LA,OLED,65,147.0,539.0,189.0,4.0,128.0
SAMSUNG,MRA65R85HA*,LCD (LED),65,147.0,540.0,189.0,4.0,128.0
SAMSUNG,HG65HL03HAW,LCD (LED),65,147.0,540.0,189.0,4.0,128.0
SAMSUNG,MRA65R85HAW,LCD (LED),65,147.0,540.0,189.0,4.0,128.0
SAMSUNG,QA65LS03HEW,LCD (LED),65,147.0,540.0,189.0,4.0,128.0
SAMSUNG,QA65Q80DAS,LCD (LED),65,147.0,540.0,189.0,4.0,128.0
SAMSUNG,QA65Q80DA*,LCD (LED),65,147.0,540.0,189.0,4.0,128.0
SAMSUNG,QA65Q80DAW,LCD (LED),65,147.0,540.0,189.0,4.0,128.0
SAMSUNG,MRA65R85HAS,LCD (LED),65,147.0,540.0,189.0,4.0,128.0
EKO,K650UATW,LCD,65,147.21,540.0,189.0,4.0,128.2
EKO,K650UGT,LCD (LED),65,141.108,540.0,189.0,4.0,122.9
EKO,K650UAT,LCD,65,147.21,540.0,189.0,4.0,128.2
AIWA,AWS650QW,LCD (LED),65,134.33,541.0,189.0,4.0,117.0
YOKOHAMA,YOKT65Q8,LCD,65,148.05,542.0,190.0,4.0,129.0
LG,65UQ91006LA,LCD (LED),65,148.0,543.0,190.0,4.0,128.9
LG,65UQ9000PSD,LCD (LED),65,148.0,543.0,190.0,4.0,128.9
LG,65UQ901C0SD,LCD (LED),65,148.0,543.0,190.0,4.0,128.9
KOGAN,KAQL65W94QA,LCD (LED),65,134.93,543.0,190.0,4.0,117.5
SONY,KD-65X80K,LCD (LED),65,147.6,544.0,190.0,4.0,128.6
SONY,KD-65X80L,LCD (LED),65,147.6,544.0,190.0,4.0,128.6
SAMSUNG,QA65Q70BAS,LCD (LED),65,150.0,551.0,193.0,4.0,130.7
SAMSUNG,QA65Q70BAW,LCD (LED),65,150.0,551.0,193.0,4.0,130.7
SAMSUNG,QA65Q70BA*,LCD (LED),65,150.0,551.0,193.0,4.0,130.7
SAMSUNG,QA65S95HAW,LCD (LED),65,151.0,554.0,194.0,4.0,131.5
BLAUPUNKT,BP650USG9800,LCD,65,143.934,554.0,194.0,4.0,125.4
SAMSUNG,QA65S95HAS,LCD (LED),65,151.0,554.0,194.0,4.0,131.5
SAMSUNG,QA65S95HA*,LCD (LED),65,151.0,554.0,194.0,4.0,131.5
HISENSE,65U6KNZ,LCD (LED),65,140.56,555.0,194.0,4.0,122.4
SONY,XR-65X90K,LCD (LED),65,149.8,555.0,194.0,4.0,130.5
HISENSE,65U6K series,LCD (LED),65,140.56,555.0,194.0,4.0,122.4
HISENSE,65U6KAU,LCD (LED),65,140.56,555.0,194.0,4.0,122.4
SONY,K-65XR50,LCD (LED),65,150.7,556.0,195.0,4.0,131.3
LG,65QNED96SQA,LCD (LED),65,152.0,557.0,195.0,4.0,132.4
LG,65QNED966QA,LCD (LED),65,152.0,557.0,195.0,4.0,132.4
SAMSUNG,QA65S95FAW,LCD (LED),65,152.0,558.0,195.0,4.0,132.4
SAMSUNG,QA65S95FAS,LCD (LED),65,152.0,558.0,195.0,4.0,132.4
SAMSUNG,QA65S95FA*,LCD (LED),65,152.0,558.0,195.0,4.0,132.4
SONY,K-65XR90M2,LCD (LED),65,151.4,559.0,196.0,4.0,131.9
KOGAN,KAQL65W94QE,LCD (LED),65,150.64,560.0,196.0,4.0,131.3
KOGAN,KAQL65W94QC,LCD (LED),65,150.64,560.0,196.0,4.0,131.3
KOGAN,KAQL65W94QD,LCD (LED),65,150.64,560.0,196.0,4.0,131.3
KOGAN,KAQL65W94QB,LCD (LED),65,150.64,560.0,196.0,4.0,131.3
KOGAN,KAQL65W94QF,LCD (LED),65,150.64,560.0,196.0,4.0,131.3
SAMSUNG,MRA65R95HA*,LCD (LED),65,153.0,562.0,197.0,4.0,133.3
SAMSUNG,QA65Q80CAW,LCD (LED),65,153.0,562.0,197.0,4.0,133.3
SAMSUNG,QA65QN80HAW,LCD (LED),65,153.0,562.0,197.0,4.0,133.3
SAMSUNG,QA65QN80HAS,LCD (LED),65,153.0,562.0,197.0,4.0,133.3
SAMSUNG,MRA65R95HAS,LCD (LED),65,153.0,562.0,197.0,4.0,133.3
SAMSUNG,MRA65R95HAW,LCD (LED),65,153.0,562.0,197.0,4.0,133.3
SAMSUNG,QA65QN80HA*,LCD (LED),65,153.0,562.0,197.0,4.0,133.3
SAMSUNG,QA65Q80CAS,LCD (LED),65,153.0,562.0,197.0,4.0,133.3
SAMSUNG,QA65LS03HW*,LCD (LED),65,153.0,562.0,197.0,4.0,133.3
SAMSUNG,QA65LS03HWW,LCD (LED),65,153.0,562.0,197.0,4.0,133.3
SAMSUNG,QA65LS03HWS,LCD (LED),65,153.0,562.0,197.0,4.0,133.3
SAMSUNG,QA65LS03FAW,LCD (LED),65,153.0,562.0,197.0,4.0,133.3
SAMSUNG,QA65S95DAS,LCD (LED),65,153.0,562.0,197.0,4.0,133.3
SAMSUNG,QA65S95DAW,LCD (LED),65,153.0,562.0,197.0,4.0,133.3
SAMSUNG,QA65S95DA*,LCD (LED),65,153.0,562.0,197.0,4.0,133.3
SAMSUNG,QA65Q80CA*,LCD (LED),65,153.0,562.0,197.0,4.0,133.3
SAMSUNG,QA65LS03DAS,LCD (LED),65,154.0,565.0,198.0,4.0,134.1
SAMSUNG,QA65LS03FW*,LCD (LED),65,154.0,565.0,198.0,4.0,134.1
SAMSUNG,QA65LS03DAW,LCD (LED),65,154.0,565.0,198.0,4.0,134.1
SAMSUNG,QA65QN80FAW,LCD (LED),65,154.0,565.0,198.0,4.0,134.1
SAMSUNG,QA65QN80FA*,LCD (LED),65,154.0,565.0,198.0,4.0,134.1
SAMSUNG,QA65LS03FWW,LCD (LED),65,154.0,565.0,198.0,4.0,134.1
SAMSUNG,QA65LS03FWS,LCD (LED),65,154.0,565.0,198.0,4.0,134.1
SAMSUNG,QA65QN80FAS,LCD (LED),65,154.0,565.0,198.0,4.0,134.1
SAMSUNG,QA65LS03DA*,LCD (LED),65,154.0,565.0,198.0,4.0,134.1
SAMSUNG,QA65S90CAW,LCD (LED),65,154.0,565.0,198.0,4.0,134.1
SAMSUNG,QA65S90CA*,LCD (LED),65,154.0,565.0,198.0,4.0,134.1
SAMSUNG,QA65S90CAS,LCD (LED),65,154.0,565.0,198.0,4.0,134.1
HISENSE,65UXAU,LCD (LED),65,137.97,569.0,199.0,4.0,120.2
SAMSUNG,QA65QN90CA*,LCD (LED),65,155.0,569.0,199.0,4.0,135.0
SAMSUNG,QA65QN90CAS,LCD (LED),65,155.0,569.0,199.0,4.0,135.0
SAMSUNG,QA65QN90CAW,LCD (LED),65,155.0,569.0,199.0,4.0,135.0
SAMSUNG,QA65S95BAW,LCD (LED),65,155.0,569.0,199.0,4.0,135.0
SAMSUNG,QA65QN95CAW,LCD (LED),65,155.0,569.0,199.0,4.0,135.0
SAMSUNG,QA65QN95CA*,LCD (LED),65,155.0,569.0,199.0,4.0,135.0
SAMSUNG,QA65S95CAW,LCD (LED),65,155.0,569.0,199.0,4.0,135.0
SAMSUNG,QA65S95BA*,LCD (LED),65,155.0,569.0,199.0,4.0,135.0
SAMSUNG,QA65S95CA*,LCD (LED),65,155.0,569.0,199.0,4.0,135.0
SAMSUNG,QA65S95CAS,LCD (LED),65,155.0,569.0,199.0,4.0,135.0
SAMSUNG,QA65S95BAS,LCD (LED),65,155.0,569.0,199.0,4.0,135.0
SAMSUNG,QA65QN95CAS,LCD (LED),65,155.0,569.0,199.0,4.0,135.0
KOGAN,KAQLED65XQ9610STB,LCD (LED),64,156.0,572.0,200.0,4.0,136.0
KOGAN,KAQLED65XQ9610STA,LCD,64,156.0,572.0,200.0,4.0,136.0
PHILIPS,65PUT8808/75,LCD (LED),65,142.4,574.0,201.0,4.0,124.0
PHILIPS,65PUT8808/79,LCD (LED),65,142.4,574.0,201.0,4.0,124.0
HYUNDAI,H65UHDMLDGTV,LCD (LED),64,149.6,576.0,202.0,4.0,130.4
KOGAN,KAQL65MQ9ZTE,LCD (LED),65,147.3,579.0,203.0,4.0,128.3
KOGAN,KAQLED65XQ98JSTD,LCD (LED),64,158.0,579.0,203.0,4.0,137.8
KOGAN,KAQLED65XQ98JSTB,LCD (LED),64,158.0,579.0,203.0,4.0,137.8
KOGAN,KAQL65MQ9ZTB,LCD (LED),65,147.3,579.0,203.0,4.0,128.3
KOGAN,KAQLED65XQ98JSTC,LCD (LED),64,158.0,579.0,203.0,4.0,137.8
KOGAN,KAQL65MQ9ZT*,LCD (LED),65,147.3,579.0,203.0,4.0,128.3
KOGAN,KAQL65MQ9ZTA,LCD (LED),65,147.3,579.0,203.0,4.0,128.3
KOGAN,KAQL65MQ9ZTD,LCD (LED),65,147.3,579.0,203.0,4.0,128.3
CHIQ,U65QM8VG,LCD (LED),64,158.0,579.0,203.0,4.0,137.8
KOGAN,KAQLED65XQ98JSTA,LCD (LED),64,158.0,579.0,203.0,4.0,137.8
KOGAN,KAQL65MQ9ZTC,LCD (LED),65,147.3,579.0,203.0,4.0,128.3
EKO,K650UGT**,LCD,64,94.65,580.0,203.0,4.0,82.5
KOGAN,KAQL65T96QB,LCD (LED),65,147.44,580.0,203.0,4.0,128.4
KOGAN,KALED65T96QB,LCD (LED),65,147.44,580.0,203.0,4.0,128.4
EKO,K650UGT2Q,LCD,64,94.65,580.0,203.0,4.0,82.5
BLAUPUNKT,BP650USG98,LCD,64,94.65,580.0,203.0,4.0,82.5
KOGAN,KAQL65T96QC,LCD (LED),65,147.44,580.0,203.0,4.0,128.4
KOGAN,KAQL65T96QA,LCD (LED),65,147.44,580.0,203.0,4.0,128.4
SAMSUNG,QA65QN85BA*,LCD (LED),65,158.0,580.0,203.0,4.0,137.6
SAMSUNG,QA65LS03BAS,LCD (LED),65,158.0,580.0,203.0,4.0,137.6
KOGAN,KALED65T96QC,LCD (LED),65,147.44,580.0,203.0,4.0,128.4
KOGAN,KALED65T96QA,LCD (LED),65,147.44,580.0,203.0,4.0,128.4
SAMSUNG,QA65QN85BAW,LCD (LED),65,158.0,580.0,203.0,4.0,137.6
SAMSUNG,QA65QN85BAS,LCD (LED),65,158.0,580.0,203.0,4.0,137.6
SAMSUNG,QA65LS03BA*,LCD (LED),65,158.0,580.0,203.0,4.0,137.6
SAMSUNG,QA65LS03BAW,LCD (LED),65,158.0,580.0,203.0,4.0,137.6
EKO,K65USW2,LCD (LED),65,154.08,581.0,203.0,4.0,134.2
SPARK ELECTRONICS,"65"" Patio Pro",LCD,65,158.28,582.0,204.0,4.0,137.9
SPARK ELECTRONICS,"65"" Pavilion 2 Pro",LCD,65,158.28,582.0,204.0,4.0,137.9
SPARK ELECTRONICS,"65"" Patio",LCD,65,158.28,582.0,204.0,4.0,137.9
SPARK ELECTRONICS,"65"" Pavilion 2",LCD,65,158.28,582.0,204.0,4.0,137.9
KOGAN,KAOLED65X2SKA,OLED,65,113.4,586.0,205.0,4.0,98.2
LG,OLED65M46LA,OLED,65,172.0,630.0,220.0,3.5,149.8
KOGAN,KAQL65XQ98GSVA,LCD (LED),64,157.32,634.0,222.0,3.5,137.2
KOGAN,KAQL65XQ98GSVB,LCD (LED),64,157.32,634.0,222.0,3.5,137.2
SONY,K-65XR70,LCD (LED),65,171.9,634.0,222.0,3.5,149.7
KOGAN,KAQL65XQ98****,LCD (LED),64,157.32,634.0,222.0,3.5,137.2
KOGAN,KAQL65XQ98GSVC,LCD (LED),64,157.32,634.0,222.0,3.5,137.2
HISENSE,65U8H series,LCD (LED),65,159.55,638.0,223.0,3.5,139.0
HISENSE,65U8HAU,LCD (LED),65,159.55,638.0,223.0,3.5,139.0
HISENSE,65U8HNZ,LCD (LED),65,159.55,638.0,223.0,3.5,139.0
HISENSE,65U8NAU,LCD (LED),65,151.8,639.0,224.0,3.5,132.2
HISENSE,65U8N Series,LCD (LED),65,151.8,639.0,224.0,3.5,132.2
HISENSE,65U8NNZ,LCD (LED),65,151.8,639.0,224.0,3.5,132.2
TOSHIBA,65Z870NP,LCD (LED),65,157.4,639.0,224.0,3.5,137.1
JVC,AV-A657155A,LCD (LED),64,156.42,640.0,224.0,3.5,136.4
JVC,LT-65N7165A,LCD (LED),64,156.42,640.0,224.0,3.5,136.4
BLAUPUNKT,BP650USG60100,LCD,65,157.044,640.0,224.0,3.5,136.7
JVC,AV-J657155A,LCD (LED),64,156.42,640.0,224.0,3.5,136.4
JVC,AV-A657155A series,LCD (LED),64,156.42,640.0,224.0,3.5,136.4
PHILIPS,65PML8969/98,LCD (LED),65,168.0,645.0,226.0,3.5,146.3
HISENSE,65U9G,LCD (LED),65,152.07,649.0,227.0,3.5,132.5
HISENSE,65U9HAU,LCD (LED),65,168.67,649.0,227.0,3.5,146.9
KOGAN,KAQL65T97QD,LCD,65,162.79,651.0,228.0,3.5,141.8
KOGAN,KAQL65T97Q*,LCD,65,162.79,651.0,228.0,3.5,141.8
KOGAN,KAQL65T97QC,LCD,65,162.79,651.0,228.0,3.5,141.8
KOGAN,KAQL65T97QA,LCD,65,162.79,651.0,228.0,3.5,141.8
KOGAN,KAQL65T97QB,LCD,65,162.79,651.0,228.0,3.5,141.8
SONY,KD-65X85K,LCD (LED),65,179.5,661.0,231.0,3.0,156.4
LG,65QNED93ASA,LCD (LED),65,159.1,678.0,237.0,3.0,138.6
LG,65QNED92AUA,LCD (LED),65,159.1,678.0,237.0,3.0,138.6
LG,65QNED92ASA,LCD (LED),65,159.1,678.0,237.0,3.0,138.6
LG,65QNED93A6A,LCD (LED),65,159.1,678.0,237.0,3.0,138.6
LG,65QNED92A6A,LCD (LED),65,159.1,678.0,237.0,3.0,138.6
LG,65QNED93AKA,LCD (LED),65,159.1,678.0,237.0,3.0,138.6
LG,"65QNED9#### (# can be A-Z, 0-9 or ""-"" or ""."" or blank)",LCD (LED),65,159.1,678.0,237.0,3.0,138.6
TCL,65C935,LCD (LED),64,171.2,689.0,241.0,3.0,149.3
KOGAN,KAQL65Q97TD,LCD (LED),65,180.8,696.0,244.0,3.0,157.5
KOGAN,KAQL65Q97T*,LCD (LED),65,180.8,696.0,244.0,3.0,157.5
KOGAN,KAQL65Q97TA,LCD (LED),65,180.8,696.0,244.0,3.0,157.5
KOGAN,KAQL65Q97TB,LCD (LED),65,180.8,696.0,244.0,3.0,157.5
KOGAN,KAQL65Q97TC,LCD (LED),65,180.8,696.0,244.0,3.0,157.5
KOGAN,KAQL65Q97TE,LCD (LED),65,180.8,696.0,244.0,3.0,157.5
SAMSUNG,QA65QN700CS,LCD (LED),65,190.0,697.0,244.0,3.0,165.5
TCL,65C855,LCD (LED),64,176.1,716.0,251.0,3.0,153.5
PHILIPS,65PQT9020/79,LCD (LED),65,175.9,722.0,253.0,3.0,153.2
PHILIPS,65PML9506/79,LCD (LED),65,180.0,725.0,254.0,3.0,156.8
EKO,K65DVAQ,LCD,64,198.0,725.0,254.0,3.0,173.2
PHILIPS,65PML9506/75,LCD (LED),65,180.0,725.0,254.0,3.0,156.8
SAMSUNG,QA65QN90BAW,LCD (LED),65,203.0,744.0,260.0,2.5,176.8
SAMSUNG,QA65QN90BA*,LCD (LED),65,203.0,744.0,260.0,2.5,176.8
SAMSUNG,QA65QN90BAS,LCD (LED),65,203.0,744.0,260.0,2.5,176.8
SAMSUNG,QA65Q95TDS,LCD (LED),65,205.0,751.0,263.0,2.5,178.6
SAMSUNG,QA65Q95TDW,LCD (LED),65,205.0,751.0,263.0,2.5,178.6
SAMSUNG,QA65Q80BAS,LCD (LED),65,206.0,755.0,264.0,2.5,179.4
SAMSUNG,QA65Q80BA*,LCD (LED),65,206.0,755.0,264.0,2.5,179.4
SAMSUNG,QA65Q80BAW,LCD (LED),65,206.0,755.0,264.0,2.5,179.4
LG,65QNED99SQB,LCD (LED),65,212.0,776.0,272.0,2.5,184.7
LG,65QNED996QB,LCD (LED),65,212.0,776.0,272.0,2.5,184.7
SAMSUNG,QA65QN95BAW,LCD (LED),65,213.0,781.0,273.0,2.5,185.5
SAMSUNG,QA65QN95BA*,LCD (LED),65,213.0,781.0,273.0,2.5,185.5
SAMSUNG,QA65QN95BAS,LCD (LED),65,213.0,781.0,273.0,2.5,185.5
SONY,XR-65X95L,LCD (LED),65,214.8,793.0,278.0,2.5,187.1
KOGAN,KAQL65XQ98GSTD,LCD (LED),64,195.5,809.0,283.0,2.5,170.4
KOGAN,KAQL65XQ98GSTE,LCD (LED),64,195.5,809.0,283.0,2.5,170.4
KOGAN,KAQL65XQ98GST*,LCD (LED),64,195.5,809.0,283.0,2.5,170.4
KOGAN,KAQL65XQ98GSTA,LCD (LED),64,195.5,809.0,283.0,2.5,170.4
KOGAN,KAQL65XQ98GSTB,LCD (LED),64,195.5,809.0,283.0,2.5,170.4
KOGAN,KAQL65XQ98GSTC,LCD (LED),64,195.5,809.0,283.0,2.5,170.4
KOGAN,KAQL65MQXTD,LCD (LED),65,197.274,810.0,284.0,2.5,171.8
KOGAN,KAQL65MQXTA,LCD (LED),65,208.5,810.0,284.0,2.5,181.6
KOGAN,KAQL65MQXTB,LCD (LED),65,197.274,810.0,284.0,2.5,171.8
KOGAN,KAQL65MQXT*,LCD (LED),65,197.274,810.0,284.0,2.5,171.8
KOGAN,KAQL65MQXTC,LCD (LED),65,197.274,810.0,284.0,2.5,171.8
SONY,XR-65X95K,LCD (LED),65,226.0,835.0,292.0,2.0,196.9
BLAUPUNKT,BP650USG9900,LCD,65,234.49,858.0,300.0,2.0,204.4
EKO,K650USGQ2,LCD,65,234.49,858.0,300.0,2.0,204.4
EKO,K650UGTQ,LCD,65,234.49,858.0,300.0,2.0,204.4
SPARK ELECTRONICS,"65"" Lumin",LCD,64,240.9,890.0,312.0,2.0,210.8
SAMSUNG,QA65QN700B*,LCD (LED),65,245.0,897.0,314.0,2.0,213.4
SAMSUNG,QA65QN700BW,LCD (LED),65,245.0,897.0,314.0,2.0,213.4
SAMSUNG,QA65QN700BS,LCD (LED),65,245.0,897.0,314.0,2.0,213.4
SYLVOX,OT65A2KEGC,LCD (LED),65,237.1,902.0,316.0,2.0,206.5
SAMSUNG,QA65QN900FS,LCD (LED),65,248.0,908.0,318.0,2.0,216.0
SAMSUNG,QA65QN900F*,LCD (LED),65,248.0,908.0,318.0,2.0,216.0
SAMSUNG,QA65QN900FW,LCD (LED),65,248.0,908.0,318.0,2.0,216.0
SAMSUNG,QA65LST7DA*,LCD (LED),65,260.0,952.0,333.0,1.5,226.5
SAMSUNG,QA65LST7DAS,LCD (LED),65,260.0,952.0,333.0,1.5,226.5
SAMSUNG,QA65LST7DAW,LCD (LED),65,260.0,952.0,333.0,1.5,226.5
SAMSUNG,QA65QN900D*,LCD (LED),65,260.0,952.0,333.0,1.5,226.5
SAMSUNG,QA65QN900DW,LCD (LED),65,260.0,952.0,333.0,1.5,226.5
SAMSUNG,QA65QN900DS,LCD (LED),65,260.0,952.0,333.0,1.5,226.5
SAMSUNG,QA65QN800DW,LCD (LED),65,262.0,959.0,336.0,1.5,228.2
SAMSUNG,QA65QN800D*,LCD (LED),65,262.0,959.0,336.0,1.5,228.2
SAMSUNG,QA65QN800DS,LCD (LED),65,262.0,959.0,336.0,1.5,228.2
SAMSUNG,QA65QN800C*,LCD (LED),65,263.0,963.0,337.0,1.5,229.1
SAMSUNG,QA65QN800CW,LCD (LED),65,263.0,963.0,337.0,1.5,229.1
SAMSUNG,QA65QN800CS,LCD (LED),65,263.0,963.0,337.0,1.5,229.1
SAMSUNG,QA65LST7TAW,LCD (LED),64,271.0,992.0,347.0,1.5,236.3
SAMSUNG,QA65QN900CS,LCD (LED),65,280.0,1025.0,359.0,1.0,243.9
SAMSUNG,QA65QN900C*,LCD (LED),65,280.0,1025.0,359.0,1.0,243.9
SAMSUNG,QA65QN900CW,LCD (LED),65,280.0,1025.0,359.0,1.0,243.9
SAMSUNG,QA65QN990F*,LCD (LED),65,282.0,1032.0,361.0,1.0,245.6
SAMSUNG,QA65QN990FW,LCD (LED),65,282.0,1032.0,361.0,1.0,245.6
SAMSUNG,QA65QN990FS,LCD (LED),65,282.0,1032.0,361.0,1.0,245.6
SAMSUNG,QA65QN800BS,LCD (LED),65,306.0,1120.0,392.0,1.0,266.6
SAMSUNG,QA65QN800BW,LCD (LED),65,306.0,1120.0,392.0,1.0,266.6
SAMSUNG,QA65QN800B*,LCD (LED),65,306.0,1120.0,392.0,1.0,266.6
SAMSUNG,QA65QN900BW,LCD (LED),65,310.0,1135.0,397.0,1.0,270.0
SAMSUNG,QA65QN900B*,LCD (LED),65,310.0,1135.0,397.0,1.0,270.0
SAMSUNG,QA65QN900BS,LCD (LED),65,310.0,1135.0,397.0,1.0,270.0
