size_band,stars,kwh_median,models,cost_aud_year
32in & under,4,107.0,141.0,37.0
32in & under,5,124.0,155.0,43.0
32in & under,6,101.0,206.0,35.0
33-43in,2,353.0,9.0,124.0
33-43in,3,338.0,15.0,118.0
33-43in,4,251.0,244.0,88.0
33-43in,5,203.0,96.0,71.0
33-43in,6,158.5,188.0,55.0
33-43in,7,122.0,27.0,43.0
33-43in,8,92.0,4.0,32.0
44-50in,3,415.0,19.0,145.0
44-50in,4,317.5,194.0,111.0
44-50in,5,276.0,95.0,97.0
44-50in,6,227.0,134.0,79.0
44-50in,7,167.0,5.0,58.0
51-55in,1,755.0,4.0,264.0
51-55in,2,594.0,16.0,208.0
51-55in,3,513.0,28.0,180.0
51-55in,4,400.0,351.0,140.0
51-55in,5,331.0,114.0,116.0
51-55in,6,281.0,215.0,98.0
51-55in,7,203.0,11.0,71.0
56-65in,1,1076.0,12.0,377.0
56-65in,2,822.5,50.0,288.0
56-65in,3,696.0,21.0,244.0
56-65in,4,540.0,288.0,189.0
56-65in,5,448.0,201.0,157.0
56-65in,6,371.0,290.0,130.0
56-65in,7,254.0,8.0,89.0
56-65in,8,207.0,3.0,72.0
66-75in,1,1445.0,3.0,506.0
66-75in,2,1047.0,33.0,366.0
66-75in,3,925.0,15.0,324.0
66-75in,4,682.0,229.0,239.0
66-75in,5,586.0,127.0,205.0
66-75in,6,489.0,270.0,171.0
66-75in,7,389.0,19.0,136.0
76-85in,2,1357.5,20.0,475.0
76-85in,3,1113.0,11.0,390.0
76-85in,4,868.0,169.0,304.0
76-85in,5,733.0,105.0,257.0
76-85in,6,568.0,160.0,199.0
76-85in,7,499.0,5.0,175.0
86in+,1,1771.0,4.0,620.0
86in+,2,2500.0,8.0,875.0
86in+,3,1670.0,25.0,584.0
86in+,4,1215.0,84.0,425.0
86in+,5,988.0,62.0,346.0
86in+,6,855.0,86.0,299.0
86in+,7,504.5,10.0,177.0
